pais,cod_pais,grado,dominio,estimulo,indicador,variable,grupo,asterisco,categoria_1,categoria_2,categoria_3,categoria_4,porcentaje_acuerdo,nota
Argentina,ar,3,Convenciones de legibilidad,Baile,Ortografía inicial,Sexo,Niños,0,3.72,8.36,47.27,40.66,16.2,"Nota: En los gráficos se excluye el 16.2% de estudiantes del país cuyas respuestas no pudieron ser codificadas con la rúbrica por estar en blanco, estar en otra lengua o no ser un texto."
Argentina,ar,3,Convenciones de legibilidad,Baile,Ortografía inicial,Sexo,Niñas,0,2.94,8.43,47.40,41.24,16.2,"Nota: En los gráficos se excluye el 16.2% de estudiantes del país cuyas respuestas no pudieron ser codificadas con la rúbrica por estar en blanco, estar en otra lengua o no ser un texto."
Argentina,ar,3,Convenciones de legibilidad,Baile,Ortografía inicial,Ruralidad,Zona Urbana,0,2.88,8.15,46.90,42.07,16.2,"Nota: En los gráficos se excluye el 16.2% de estudiantes del país cuyas respuestas no pudieron ser codificadas con la rúbrica por estar en blanco, estar en otra lengua o no ser un texto."
Argentina,ar,3,Convenciones de legibilidad,Baile,Ortografía inicial,Ruralidad,Zona Rural,0,6.98,10.56,51.64,30.83,16.2,"Nota: En los gráficos se excluye el 16.2% de estudiantes del país cuyas respuestas no pudieron ser codificadas con la rúbrica por estar en blanco, estar en otra lengua o no ser un texto."
Argentina,ar,3,Convenciones de legibilidad,Baile,Puntuación,Sexo,Niños,0,53.87,4.16,3.17,38.80,16.2,"Nota: En los gráficos se excluye el 16.2% de estudiantes del país cuyas respuestas no pudieron ser codificadas con la rúbrica por estar en blanco, estar en otra lengua o no ser un texto."
Argentina,ar,3,Convenciones de legibilidad,Baile,Puntuación,Sexo,Niñas,0,43.63,3.57,03.05,49.74,16.2,"Nota: En los gráficos se excluye el 16.2% de estudiantes del país cuyas respuestas no pudieron ser codificadas con la rúbrica por estar en blanco, estar en otra lengua o no ser un texto."
Argentina,ar,3,Convenciones de legibilidad,Baile,Puntuación,Ruralidad,Zona Urbana,0,46.86,4.13,3.11,45.91,16.2,"Nota: En los gráficos se excluye el 16.2% de estudiantes del país cuyas respuestas no pudieron ser codificadas con la rúbrica por estar en blanco, estar en otra lengua o no ser un texto."
Argentina,ar,3,Convenciones de legibilidad,Baile,Puntuación,Ruralidad,Zona Rural,0,61.49,1.32,03.06,34.13,16.2,"Nota: En los gráficos se excluye el 16.2% de estudiantes del país cuyas respuestas no pudieron ser codificadas con la rúbrica por estar en blanco, estar en otra lengua o no ser un texto."
Argentina,ar,3,Convenciones de legibilidad,Carta,Ortografía inicial,Sexo,Niños,0,7.76,15.57,46.13,30.53,16.2,"Nota: En los gráficos se excluye el 16.2% de estudiantes del país cuyas respuestas no pudieron ser codificadas con la rúbrica por estar en blanco, estar en otra lengua o no ser un texto."
Argentina,ar,3,Convenciones de legibilidad,Carta,Ortografía inicial,Sexo,Niñas,0,6.96,13.30,46.80,32.94,16.2,"Nota: En los gráficos se excluye el 16.2% de estudiantes del país cuyas respuestas no pudieron ser codificadas con la rúbrica por estar en blanco, estar en otra lengua o no ser un texto."
Argentina,ar,3,Convenciones de legibilidad,Carta,Ortografía inicial,Ruralidad,Zona Urbana,0,6.62,14.40,46.58,32.41,16.2,"Nota: En los gráficos se excluye el 16.2% de estudiantes del país cuyas respuestas no pudieron ser codificadas con la rúbrica por estar en blanco, estar en otra lengua o no ser un texto."
Argentina,ar,3,Convenciones de legibilidad,Carta,Ortografía inicial,Ruralidad,Zona Rural,0,14.38,14.55,45.96,25.11,16.2,"Nota: En los gráficos se excluye el 16.2% de estudiantes del país cuyas respuestas no pudieron ser codificadas con la rúbrica por estar en blanco, estar en otra lengua o no ser un texto."
Argentina,ar,3,Convenciones de legibilidad,Carta,Puntuación,Sexo,Niños,0,57.56,4.23,2.20,36.01,16.2,"Nota: En los gráficos se excluye el 16.2% de estudiantes del país cuyas respuestas no pudieron ser codificadas con la rúbrica por estar en blanco, estar en otra lengua o no ser un texto."
Argentina,ar,3,Convenciones de legibilidad,Carta,Puntuación,Sexo,Niñas,0,40.17,4.93,3.24,51.66,16.2,"Nota: En los gráficos se excluye el 16.2% de estudiantes del país cuyas respuestas no pudieron ser codificadas con la rúbrica por estar en blanco, estar en otra lengua o no ser un texto."
Argentina,ar,3,Convenciones de legibilidad,Carta,Puntuación,Ruralidad,Zona Urbana,0,48.77,4.15,2.84,44.23,16.2,"Nota: En los gráficos se excluye el 16.2% de estudiantes del país cuyas respuestas no pudieron ser codificadas con la rúbrica por estar en blanco, estar en otra lengua o no ser un texto."
Argentina,ar,3,Convenciones de legibilidad,Carta,Puntuación,Ruralidad,Zona Rural,0,49.07,8.63,1.56,40.74,16.2,"Nota: En los gráficos se excluye el 16.2% de estudiantes del país cuyas respuestas no pudieron ser codificadas con la rúbrica por estar en blanco, estar en otra lengua o no ser un texto."
Argentina,ar,3,Convenciones de legibilidad,Baile,Ortografía inicial,Nacional,País,1,3.30,8.40,47.40,40.90,16.2,"Nota: En los gráficos se excluye el 16.2% de estudiantes del país cuyas respuestas no pudieron ser codificadas con la rúbrica por estar en blanco, estar en otra lengua o no ser un texto."
Argentina,ar,3,Convenciones de legibilidad,Baile,Puntuación,Nacional,País,0,48.30,3.80,3.10,44.70,16.2,"Nota: En los gráficos se excluye el 16.2% de estudiantes del país cuyas respuestas no pudieron ser codificadas con la rúbrica por estar en blanco, estar en otra lengua o no ser un texto."
Argentina,ar,3,Convenciones de legibilidad,Carta,Ortografía inicial,Nacional,País,0,7.40,14.40,46.50,31.70,16.2,"Nota: En los gráficos se excluye el 16.2% de estudiantes del país cuyas respuestas no pudieron ser codificadas con la rúbrica por estar en blanco, estar en otra lengua o no ser un texto."
Argentina,ar,3,Convenciones de legibilidad,Carta,Puntuación,Nacional,País,0,48.80,4.60,2.70,43.90,16.2,"Nota: En los gráficos se excluye el 16.2% de estudiantes del país cuyas respuestas no pudieron ser codificadas con la rúbrica por estar en blanco, estar en otra lengua o no ser un texto."
Brasil,br,3,Convenciones de legibilidad,Baile,Ortografía inicial,Sexo,Niños,0,13.47,21.04,43.22,22.28,25.1,"Nota: En los gráficos se excluye el 25.1% de estudiantes del país cuyas respuestas no pudieron ser codificadas con la rúbrica por estar en blanco, estar en otra lengua o no ser un texto."
Brasil,br,3,Convenciones de legibilidad,Baile,Ortografía inicial,Sexo,Niñas,0,11.47,19.46,46.54,22.53,25.1,"Nota: En los gráficos se excluye el 25.1% de estudiantes del país cuyas respuestas no pudieron ser codificadas con la rúbrica por estar en blanco, estar en otra lengua o no ser un texto."
Brasil,br,3,Convenciones de legibilidad,Baile,Ortografía inicial,Ruralidad,Zona Urbana,0,11.98,19.33,45.26,23.44,25.1,"Nota: En los gráficos se excluye el 25.1% de estudiantes del país cuyas respuestas no pudieron ser codificadas con la rúbrica por estar en blanco, estar en otra lengua o no ser un texto."
Brasil,br,3,Convenciones de legibilidad,Baile,Ortografía inicial,Ruralidad,Zona Rural,0,16.21,27.57,42.30,13.91,25.1,"Nota: En los gráficos se excluye el 25.1% de estudiantes del país cuyas respuestas no pudieron ser codificadas con la rúbrica por estar en blanco, estar en otra lengua o no ser un texto."
Brasil,br,3,Convenciones de legibilidad,Baile,Puntuación,Sexo,Niños,0,21.82,1.40,3.33,73.44,25.1,"Nota: En los gráficos se excluye el 25.1% de estudiantes del país cuyas respuestas no pudieron ser codificadas con la rúbrica por estar en blanco, estar en otra lengua o no ser un texto."
Brasil,br,3,Convenciones de legibilidad,Baile,Puntuación,Sexo,Niñas,0,17.75,0.94,2.87,78.45,25.1,"Nota: En los gráficos se excluye el 25.1% de estudiantes del país cuyas respuestas no pudieron ser codificadas con la rúbrica por estar en blanco, estar en otra lengua o no ser un texto."
Brasil,br,3,Convenciones de legibilidad,Baile,Puntuación,Ruralidad,Zona Urbana,0,18.25,1.30,3.29,77.16,25.1,"Nota: En los gráficos se excluye el 25.1% de estudiantes del país cuyas respuestas no pudieron ser codificadas con la rúbrica por estar en blanco, estar en otra lengua o no ser un texto."
Brasil,br,3,Convenciones de legibilidad,Baile,Puntuación,Ruralidad,Zona Rural,0,31.76,0.00,1.45,66.78,25.1,"Nota: En los gráficos se excluye el 25.1% de estudiantes del país cuyas respuestas no pudieron ser codificadas con la rúbrica por estar en blanco, estar en otra lengua o no ser un texto."
Brasil,br,3,Convenciones de legibilidad,Carta,Ortografía inicial,Sexo,Niños,0,26.93,20.72,37.84,14.51,25.1,"Nota: En los gráficos se excluye el 25.1% de estudiantes del país cuyas respuestas no pudieron ser codificadas con la rúbrica por estar en blanco, estar en otra lengua o no ser un texto."
Brasil,br,3,Convenciones de legibilidad,Carta,Ortografía inicial,Sexo,Niñas,0,24.24,19.63,39.35,16.78,25.1,"Nota: En los gráficos se excluye el 25.1% de estudiantes del país cuyas respuestas no pudieron ser codificadas con la rúbrica por estar en blanco, estar en otra lengua o no ser un texto."
Brasil,br,3,Convenciones de legibilidad,Carta,Ortografía inicial,Ruralidad,Zona Urbana,0,25.10,19.15,39.53,16.22,25.1,"Nota: En los gráficos se excluye el 25.1% de estudiantes del país cuyas respuestas no pudieron ser codificadas con la rúbrica por estar en blanco, estar en otra lengua o no ser un texto."
Brasil,br,3,Convenciones de legibilidad,Carta,Ortografía inicial,Ruralidad,Zona Rural,0,29.36,28.44,31.08,11.13,25.1,"Nota: En los gráficos se excluye el 25.1% de estudiantes del país cuyas respuestas no pudieron ser codificadas con la rúbrica por estar en blanco, estar en otra lengua o no ser un texto."
Brasil,br,3,Convenciones de legibilidad,Carta,Puntuación,Sexo,Niños,0,21.58,1.17,06.01,71.25,25.1,"Nota: En los gráficos se excluye el 25.1% de estudiantes del país cuyas respuestas no pudieron ser codificadas con la rúbrica por estar en blanco, estar en otra lengua o no ser un texto."
Brasil,br,3,Convenciones de legibilidad,Carta,Puntuación,Sexo,Niñas,0,18.28,01.04,5.19,75.48,25.1,"Nota: En los gráficos se excluye el 25.1% de estudiantes del país cuyas respuestas no pudieron ser codificadas con la rúbrica por estar en blanco, estar en otra lengua o no ser un texto."
Brasil,br,3,Convenciones de legibilidad,Carta,Puntuación,Ruralidad,Zona Urbana,0,17.65,1.24,05.07,76.04,25.1,"Nota: En los gráficos se excluye el 25.1% de estudiantes del país cuyas respuestas no pudieron ser codificadas con la rúbrica por estar en blanco, estar en otra lengua o no ser un texto."
Brasil,br,3,Convenciones de legibilidad,Carta,Puntuación,Ruralidad,Zona Rural,0,38.32,0.00,9.91,51.78,25.1,"Nota: En los gráficos se excluye el 25.1% de estudiantes del país cuyas respuestas no pudieron ser codificadas con la rúbrica por estar en blanco, estar en otra lengua o no ser un texto."
Brasil,br,3,Convenciones de legibilidad,Baile,Ortografía inicial,Nacional,País,0,12.40,20.20,44.90,22.40,25.1,"Nota: En los gráficos se excluye el 25.1% de estudiantes del país cuyas respuestas no pudieron ser codificadas con la rúbrica por estar en blanco, estar en otra lengua o no ser un texto."
Brasil,br,3,Convenciones de legibilidad,Baile,Puntuación,Nacional,País,0,19.70,1.20,3.10,76.00,25.1,"Nota: En los gráficos se excluye el 25.1% de estudiantes del país cuyas respuestas no pudieron ser codificadas con la rúbrica por estar en blanco, estar en otra lengua o no ser un texto."
Brasil,br,3,Convenciones de legibilidad,Carta,Ortografía inicial,Nacional,País,1,25.60,20.20,38.60,15.70,25.1,"Nota: En los gráficos se excluye el 25.1% de estudiantes del país cuyas respuestas no pudieron ser codificadas con la rúbrica por estar en blanco, estar en otra lengua o no ser un texto."
Brasil,br,3,Convenciones de legibilidad,Carta,Puntuación,Nacional,País,0,19.90,1.10,5.60,73.40,25.1,"Nota: En los gráficos se excluye el 25.1% de estudiantes del país cuyas respuestas no pudieron ser codificadas con la rúbrica por estar en blanco, estar en otra lengua o no ser un texto."
Colombia,co,3,Convenciones de legibilidad,Baile,Ortografía inicial,Sexo,Niños,0,16.22,14.64,42.78,26.37,8.4,"Nota: En los gráficos se excluye el 8.4% de estudiantes del país cuyas respuestas no pudieron ser codificadas con la rúbrica por estar en blanco, estar en otra lengua o no ser un texto."
Colombia,co,3,Convenciones de legibilidad,Baile,Ortografía inicial,Sexo,Niñas,0,18.56,13.96,43.71,23.77,8.4,"Nota: En los gráficos se excluye el 8.4% de estudiantes del país cuyas respuestas no pudieron ser codificadas con la rúbrica por estar en blanco, estar en otra lengua o no ser un texto."
Colombia,co,3,Convenciones de legibilidad,Baile,Ortografía inicial,Ruralidad,Zona Urbana,0,15.78,12.82,44.65,26.75,8.4,"Nota: En los gráficos se excluye el 8.4% de estudiantes del país cuyas respuestas no pudieron ser codificadas con la rúbrica por estar en blanco, estar en otra lengua o no ser un texto."
Colombia,co,3,Convenciones de legibilidad,Baile,Ortografía inicial,Ruralidad,Zona Rural,0,22.96,19.33,38.34,19.37,8.4,"Nota: En los gráficos se excluye el 8.4% de estudiantes del país cuyas respuestas no pudieron ser codificadas con la rúbrica por estar en blanco, estar en otra lengua o no ser un texto."
Colombia,co,3,Convenciones de legibilidad,Baile,Puntuación,Sexo,Niños,0,46.10,03.07,12.29,38.54,8.4,"Nota: En los gráficos se excluye el 8.4% de estudiantes del país cuyas respuestas no pudieron ser codificadas con la rúbrica por estar en blanco, estar en otra lengua o no ser un texto."
Colombia,co,3,Convenciones de legibilidad,Baile,Puntuación,Sexo,Niñas,0,40.56,4.32,11.78,43.34,8.4,"Nota: En los gráficos se excluye el 8.4% de estudiantes del país cuyas respuestas no pudieron ser codificadas con la rúbrica por estar en blanco, estar en otra lengua o no ser un texto."
Colombia,co,3,Convenciones de legibilidad,Baile,Puntuación,Ruralidad,Zona Urbana,0,38.48,3.55,13.22,44.75,8.4,"Nota: En los gráficos se excluye el 8.4% de estudiantes del país cuyas respuestas no pudieron ser codificadas con la rúbrica por estar en blanco, estar en otra lengua o no ser un texto."
Colombia,co,3,Convenciones de legibilidad,Baile,Puntuación,Ruralidad,Zona Rural,0,60.31,4.21,7.83,27.64,8.4,"Nota: En los gráficos se excluye el 8.4% de estudiantes del país cuyas respuestas no pudieron ser codificadas con la rúbrica por estar en blanco, estar en otra lengua o no ser un texto."
Colombia,co,3,Convenciones de legibilidad,Carta,Ortografía inicial,Sexo,Niños,0,20.43,20.72,41.11,17.74,8.4,"Nota: En los gráficos se excluye el 8.4% de estudiantes del país cuyas respuestas no pudieron ser codificadas con la rúbrica por estar en blanco, estar en otra lengua o no ser un texto."
Colombia,co,3,Convenciones de legibilidad,Carta,Ortografía inicial,Sexo,Niñas,0,21.84,18.75,39.96,19.45,8.4,"Nota: En los gráficos se excluye el 8.4% de estudiantes del país cuyas respuestas no pudieron ser codificadas con la rúbrica por estar en blanco, estar en otra lengua o no ser un texto."
Colombia,co,3,Convenciones de legibilidad,Carta,Ortografía inicial,Ruralidad,Zona Urbana,0,17.65,19.08,43.28,19.99,8.4,"Nota: En los gráficos se excluye el 8.4% de estudiantes del país cuyas respuestas no pudieron ser codificadas con la rúbrica por estar en blanco, estar en otra lengua o no ser un texto."
Colombia,co,3,Convenciones de legibilidad,Carta,Ortografía inicial,Ruralidad,Zona Rural,0,32.25,21.99,31.66,14.10,8.4,"Nota: En los gráficos se excluye el 8.4% de estudiantes del país cuyas respuestas no pudieron ser codificadas con la rúbrica por estar en blanco, estar en otra lengua o no ser un texto."
Colombia,co,3,Convenciones de legibilidad,Carta,Puntuación,Sexo,Niños,0,51.53,2.51,9.92,36.04,8.4,"Nota: En los gráficos se excluye el 8.4% de estudiantes del país cuyas respuestas no pudieron ser codificadas con la rúbrica por estar en blanco, estar en otra lengua o no ser un texto."
Colombia,co,3,Convenciones de legibilidad,Carta,Puntuación,Sexo,Niñas,0,40.95,02.02,11.52,45.51,8.4,"Nota: En los gráficos se excluye el 8.4% de estudiantes del país cuyas respuestas no pudieron ser codificadas con la rúbrica por estar en blanco, estar en otra lengua o no ser un texto."
Colombia,co,3,Convenciones de legibilidad,Carta,Puntuación,Ruralidad,Zona Urbana,0,39.74,2.59,11.68,45.99,8.4,"Nota: En los gráficos se excluye el 8.4% de estudiantes del país cuyas respuestas no pudieron ser codificadas con la rúbrica por estar en blanco, estar en otra lengua o no ser un texto."
Colombia,co,3,Convenciones de legibilidad,Carta,Puntuación,Ruralidad,Zona Rural,0,67.01,1.21,7.65,24.13,8.4,"Nota: En los gráficos se excluye el 8.4% de estudiantes del país cuyas respuestas no pudieron ser codificadas con la rúbrica por estar en blanco, estar en otra lengua o no ser un texto."
Colombia,co,3,Convenciones de legibilidad,Baile,Ortografía inicial,Nacional,País,0,17.40,14.30,43.20,25.10,8.4,"Nota: En los gráficos se excluye el 8.4% de estudiantes del país cuyas respuestas no pudieron ser codificadas con la rúbrica por estar en blanco, estar en otra lengua o no ser un texto."
Colombia,co,3,Convenciones de legibilidad,Baile,Puntuación,Nacional,País,0,43.40,3.70,12.00,40.90,8.4,"Nota: En los gráficos se excluye el 8.4% de estudiantes del país cuyas respuestas no pudieron ser codificadas con la rúbrica por estar en blanco, estar en otra lengua o no ser un texto."
Colombia,co,3,Convenciones de legibilidad,Carta,Ortografía inicial,Nacional,País,0,21.10,19.80,40.50,18.60,8.4,"Nota: En los gráficos se excluye el 8.4% de estudiantes del país cuyas respuestas no pudieron ser codificadas con la rúbrica por estar en blanco, estar en otra lengua o no ser un texto."
Colombia,co,3,Convenciones de legibilidad,Carta,Puntuación,Nacional,País,0,46.20,2.30,10.70,40.80,8.4,"Nota: En los gráficos se excluye el 8.4% de estudiantes del país cuyas respuestas no pudieron ser codificadas con la rúbrica por estar en blanco, estar en otra lengua o no ser un texto."
Costa Rica,cr,3,Convenciones de legibilidad,Baile,Ortografía inicial,Sexo,Niños,0,8.53,22.27,52.18,17.01,8,"Nota: En los gráficos se excluye el 8% de estudiantes del país cuyas respuestas no pudieron ser codificadas con la rúbrica por estar en blanco, estar en otra lengua o no ser un texto."
Costa Rica,cr,3,Convenciones de legibilidad,Baile,Ortografía inicial,Sexo,Niñas,0,8.35,18.72,57.17,15.75,8,"Nota: En los gráficos se excluye el 8% de estudiantes del país cuyas respuestas no pudieron ser codificadas con la rúbrica por estar en blanco, estar en otra lengua o no ser un texto."
Costa Rica,cr,3,Convenciones de legibilidad,Baile,Ortografía inicial,Ruralidad,Zona Urbana,0,6.29,20.56,54.82,18.33,8,"Nota: En los gráficos se excluye el 8% de estudiantes del país cuyas respuestas no pudieron ser codificadas con la rúbrica por estar en blanco, estar en otra lengua o no ser un texto."
Costa Rica,cr,3,Convenciones de legibilidad,Baile,Ortografía inicial,Ruralidad,Zona Rural,0,14.34,20.18,54.49,10.99,8,"Nota: En los gráficos se excluye el 8% de estudiantes del país cuyas respuestas no pudieron ser codificadas con la rúbrica por estar en blanco, estar en otra lengua o no ser un texto."
Costa Rica,cr,3,Convenciones de legibilidad,Baile,Puntuación,Sexo,Niños,0,16.53,1.43,16.59,65.46,8,"Nota: En los gráficos se excluye el 8% de estudiantes del país cuyas respuestas no pudieron ser codificadas con la rúbrica por estar en blanco, estar en otra lengua o no ser un texto."
Costa Rica,cr,3,Convenciones de legibilidad,Baile,Puntuación,Sexo,Niñas,0,10.28,1.55,18.37,69.81,8,"Nota: En los gráficos se excluye el 8% de estudiantes del país cuyas respuestas no pudieron ser codificadas con la rúbrica por estar en blanco, estar en otra lengua o no ser un texto."
Costa Rica,cr,3,Convenciones de legibilidad,Baile,Puntuación,Ruralidad,Zona Urbana,0,11.06,1.33,18.56,69.05,8,"Nota: En los gráficos se excluye el 8% de estudiantes del país cuyas respuestas no pudieron ser codificadas con la rúbrica por estar en blanco, estar en otra lengua o no ser un texto."
Costa Rica,cr,3,Convenciones de legibilidad,Baile,Puntuación,Ruralidad,Zona Rural,0,19.57,1.93,14.58,63.92,8,"Nota: En los gráficos se excluye el 8% de estudiantes del país cuyas respuestas no pudieron ser codificadas con la rúbrica por estar en blanco, estar en otra lengua o no ser un texto."
Costa Rica,cr,3,Convenciones de legibilidad,Carta,Ortografía inicial,Sexo,Niños,0,17.59,19.37,44.37,18.66,8,"Nota: En los gráficos se excluye el 8% de estudiantes del país cuyas respuestas no pudieron ser codificadas con la rúbrica por estar en blanco, estar en otra lengua o no ser un texto."
Costa Rica,cr,3,Convenciones de legibilidad,Carta,Ortografía inicial,Sexo,Niñas,0,13.13,18.62,49.57,18.68,8,"Nota: En los gráficos se excluye el 8% de estudiantes del país cuyas respuestas no pudieron ser codificadas con la rúbrica por estar en blanco, estar en otra lengua o no ser un texto."
Costa Rica,cr,3,Convenciones de legibilidad,Carta,Ortografía inicial,Ruralidad,Zona Urbana,0,11.97,18.13,49.82,20.08,8,"Nota: En los gráficos se excluye el 8% de estudiantes del país cuyas respuestas no pudieron ser codificadas con la rúbrica por estar en blanco, estar en otra lengua o no ser un texto."
Costa Rica,cr,3,Convenciones de legibilidad,Carta,Ortografía inicial,Ruralidad,Zona Rural,0,23.81,21.19,39.96,15.04,8,"Nota: En los gráficos se excluye el 8% de estudiantes del país cuyas respuestas no pudieron ser codificadas con la rúbrica por estar en blanco, estar en otra lengua o no ser un texto."
Costa Rica,cr,3,Convenciones de legibilidad,Carta,Puntuación,Sexo,Niños,0,16.54,01.04,13.40,69.03,8,"Nota: En los gráficos se excluye el 8% de estudiantes del país cuyas respuestas no pudieron ser codificadas con la rúbrica por estar en blanco, estar en otra lengua o no ser un texto."
Costa Rica,cr,3,Convenciones de legibilidad,Carta,Puntuación,Sexo,Niñas,0,10.34,1.19,14.24,74.22,8,"Nota: En los gráficos se excluye el 8% de estudiantes del país cuyas respuestas no pudieron ser codificadas con la rúbrica por estar en blanco, estar en otra lengua o no ser un texto."
Costa Rica,cr,3,Convenciones de legibilidad,Carta,Puntuación,Ruralidad,Zona Urbana,0,10.73,1.17,13.28,74.83,8,"Nota: En los gráficos se excluye el 8% de estudiantes del país cuyas respuestas no pudieron ser codificadas con la rúbrica por estar en blanco, estar en otra lengua o no ser un texto."
Costa Rica,cr,3,Convenciones de legibilidad,Carta,Puntuación,Ruralidad,Zona Rural,0,20.02,0.98,15.29,63.71,8,"Nota: En los gráficos se excluye el 8% de estudiantes del país cuyas respuestas no pudieron ser codificadas con la rúbrica por estar en blanco, estar en otra lengua o no ser un texto."
Costa Rica,cr,3,Convenciones de legibilidad,Baile,Ortografía inicial,Nacional,País,1,8.40,20.50,54.70,16.40,8,"Nota: En los gráficos se excluye el 8% de estudiantes del país cuyas respuestas no pudieron ser codificadas con la rúbrica por estar en blanco, estar en otra lengua o no ser un texto."
Costa Rica,cr,3,Convenciones de legibilidad,Baile,Puntuación,Nacional,País,0,13.30,1.50,17.50,67.70,8,"Nota: En los gráficos se excluye el 8% de estudiantes del país cuyas respuestas no pudieron ser codificadas con la rúbrica por estar en blanco, estar en otra lengua o no ser un texto."
Costa Rica,cr,3,Convenciones de legibilidad,Carta,Ortografía inicial,Nacional,País,1,15.30,19.00,47.10,18.70,8,"Nota: En los gráficos se excluye el 8% de estudiantes del país cuyas respuestas no pudieron ser codificadas con la rúbrica por estar en blanco, estar en otra lengua o no ser un texto."
Costa Rica,cr,3,Convenciones de legibilidad,Carta,Puntuación,Nacional,País,0,13.30,1.10,13.80,71.70,8,"Nota: En los gráficos se excluye el 8% de estudiantes del país cuyas respuestas no pudieron ser codificadas con la rúbrica por estar en blanco, estar en otra lengua o no ser un texto."
Cuba,cu,3,Convenciones de legibilidad,Baile,Ortografía inicial,Sexo,Niños,0,5.24,11.55,43.65,39.56,2.2,"Nota: En los gráficos se excluye el 2.2% de estudiantes del país cuyas respuestas no pudieron ser codificadas con la rúbrica por estar en blanco, estar en otra lengua o no ser un texto."
Cuba,cu,3,Convenciones de legibilidad,Baile,Ortografía inicial,Sexo,Niñas,0,2.53,7.46,41.66,48.36,2.2,"Nota: En los gráficos se excluye el 2.2% de estudiantes del país cuyas respuestas no pudieron ser codificadas con la rúbrica por estar en blanco, estar en otra lengua o no ser un texto."
Cuba,cu,3,Convenciones de legibilidad,Baile,Ortografía inicial,Ruralidad,Zona Urbana,0,3.81,09.09,40.98,46.12,2.2,"Nota: En los gráficos se excluye el 2.2% de estudiantes del país cuyas respuestas no pudieron ser codificadas con la rúbrica por estar en blanco, estar en otra lengua o no ser un texto."
Cuba,cu,3,Convenciones de legibilidad,Baile,Ortografía inicial,Ruralidad,Zona Rural,0,4.17,11.15,49.50,35.18,2.2,"Nota: En los gráficos se excluye el 2.2% de estudiantes del país cuyas respuestas no pudieron ser codificadas con la rúbrica por estar en blanco, estar en otra lengua o no ser un texto."
Cuba,cu,3,Convenciones de legibilidad,Baile,Puntuación,Sexo,Niños,0,6.25,2.73,12.68,78.34,2.2,"Nota: En los gráficos se excluye el 2.2% de estudiantes del país cuyas respuestas no pudieron ser codificadas con la rúbrica por estar en blanco, estar en otra lengua o no ser un texto."
Cuba,cu,3,Convenciones de legibilidad,Baile,Puntuación,Sexo,Niñas,0,3.64,1.60,8.54,86.22,2.2,"Nota: En los gráficos se excluye el 2.2% de estudiantes del país cuyas respuestas no pudieron ser codificadas con la rúbrica por estar en blanco, estar en otra lengua o no ser un texto."
Cuba,cu,3,Convenciones de legibilidad,Baile,Puntuación,Ruralidad,Zona Urbana,0,5.34,2.30,9.81,82.56,2.2,"Nota: En los gráficos se excluye el 2.2% de estudiantes del país cuyas respuestas no pudieron ser codificadas con la rúbrica por estar en blanco, estar en otra lengua o no ser un texto."
Cuba,cu,3,Convenciones de legibilidad,Baile,Puntuación,Ruralidad,Zona Rural,0,3.64,1.83,13.89,80.64,2.2,"Nota: En los gráficos se excluye el 2.2% de estudiantes del país cuyas respuestas no pudieron ser codificadas con la rúbrica por estar en blanco, estar en otra lengua o no ser un texto."
Cuba,cu,3,Convenciones de legibilidad,Carta,Ortografía inicial,Sexo,Niños,0,7.57,13.51,44.83,34.09,2.2,"Nota: En los gráficos se excluye el 2.2% de estudiantes del país cuyas respuestas no pudieron ser codificadas con la rúbrica por estar en blanco, estar en otra lengua o no ser un texto."
Cuba,cu,3,Convenciones de legibilidad,Carta,Ortografía inicial,Sexo,Niñas,0,3.85,9.68,46.47,39.99,2.2,"Nota: En los gráficos se excluye el 2.2% de estudiantes del país cuyas respuestas no pudieron ser codificadas con la rúbrica por estar en blanco, estar en otra lengua o no ser un texto."
Cuba,cu,3,Convenciones de legibilidad,Carta,Ortografía inicial,Ruralidad,Zona Urbana,0,5.81,10.99,44.27,38.93,2.2,"Nota: En los gráficos se excluye el 2.2% de estudiantes del país cuyas respuestas no pudieron ser codificadas con la rúbrica por estar en blanco, estar en otra lengua o no ser un texto."
Cuba,cu,3,Convenciones de legibilidad,Carta,Ortografía inicial,Ruralidad,Zona Rural,0,5.68,14.30,51.07,28.95,2.2,"Nota: En los gráficos se excluye el 2.2% de estudiantes del país cuyas respuestas no pudieron ser codificadas con la rúbrica por estar en blanco, estar en otra lengua o no ser un texto."
Cuba,cu,3,Convenciones de legibilidad,Carta,Puntuación,Sexo,Niños,0,5.21,4.80,11.26,78.73,2.2,"Nota: En los gráficos se excluye el 2.2% de estudiantes del país cuyas respuestas no pudieron ser codificadas con la rúbrica por estar en blanco, estar en otra lengua o no ser un texto."
Cuba,cu,3,Convenciones de legibilidad,Carta,Puntuación,Sexo,Niñas,0,2.17,2.26,10.34,85.23,2.2,"Nota: En los gráficos se excluye el 2.2% de estudiantes del país cuyas respuestas no pudieron ser codificadas con la rúbrica por estar en blanco, estar en otra lengua o no ser un texto."
Cuba,cu,3,Convenciones de legibilidad,Carta,Puntuación,Ruralidad,Zona Urbana,0,04.02,2.18,9.90,83.90,2.2,"Nota: En los gráficos se excluye el 2.2% de estudiantes del país cuyas respuestas no pudieron ser codificadas con la rúbrica por estar en blanco, estar en otra lengua o no ser un texto."
Cuba,cu,3,Convenciones de legibilidad,Carta,Puntuación,Ruralidad,Zona Rural,0,2.50,9.25,14.69,73.57,2.2,"Nota: En los gráficos se excluye el 2.2% de estudiantes del país cuyas respuestas no pudieron ser codificadas con la rúbrica por estar en blanco, estar en otra lengua o no ser un texto."
Cuba,cu,3,Convenciones de legibilidad,Baile,Ortografía inicial,Nacional,País,0,3.90,9.50,42.80,43.80,2.2,"Nota: En los gráficos se excluye el 2.2% de estudiantes del país cuyas respuestas no pudieron ser codificadas con la rúbrica por estar en blanco, estar en otra lengua o no ser un texto."
Cuba,cu,3,Convenciones de legibilidad,Baile,Puntuación,Nacional,País,0,5.00,2.20,10.70,82.20,2.2,"Nota: En los gráficos se excluye el 2.2% de estudiantes del país cuyas respuestas no pudieron ser codificadas con la rúbrica por estar en blanco, estar en otra lengua o no ser un texto."
Cuba,cu,3,Convenciones de legibilidad,Carta,Ortografía inicial,Nacional,País,1,5.80,11.60,45.60,37.00,2.2,"Nota: En los gráficos se excluye el 2.2% de estudiantes del país cuyas respuestas no pudieron ser codificadas con la rúbrica por estar en blanco, estar en otra lengua o no ser un texto."
Cuba,cu,3,Convenciones de legibilidad,Carta,Puntuación,Nacional,País,0,3.70,3.60,10.80,81.90,2.2,"Nota: En los gráficos se excluye el 2.2% de estudiantes del país cuyas respuestas no pudieron ser codificadas con la rúbrica por estar en blanco, estar en otra lengua o no ser un texto."
Ecuador,ec,3,Convenciones de legibilidad,Baile,Ortografía inicial,Sexo,Niños,0,17.66,19.99,46.04,16.31,10,"Nota: En los gráficos se excluye el 10% de estudiantes del país cuyas respuestas no pudieron ser codificadas con la rúbrica por estar en blanco, estar en otra lengua o no ser un texto."
Ecuador,ec,3,Convenciones de legibilidad,Baile,Ortografía inicial,Sexo,Niñas,0,16.05,19.71,47.62,16.63,10,"Nota: En los gráficos se excluye el 10% de estudiantes del país cuyas respuestas no pudieron ser codificadas con la rúbrica por estar en blanco, estar en otra lengua o no ser un texto."
Ecuador,ec,3,Convenciones de legibilidad,Baile,Ortografía inicial,Ruralidad,Zona Urbana,0,15.77,19.82,47.98,16.43,10,"Nota: En los gráficos se excluye el 10% de estudiantes del país cuyas respuestas no pudieron ser codificadas con la rúbrica por estar en blanco, estar en otra lengua o no ser un texto."
Ecuador,ec,3,Convenciones de legibilidad,Baile,Ortografía inicial,Ruralidad,Zona Rural,0,20.06,19.91,43.42,16.61,10,"Nota: En los gráficos se excluye el 10% de estudiantes del país cuyas respuestas no pudieron ser codificadas con la rúbrica por estar en blanco, estar en otra lengua o no ser un texto."
Ecuador,ec,3,Convenciones de legibilidad,Baile,Puntuación,Sexo,Niños,0,30.33,3.75,7.22,58.70,10,"Nota: En los gráficos se excluye el 10% de estudiantes del país cuyas respuestas no pudieron ser codificadas con la rúbrica por estar en blanco, estar en otra lengua o no ser un texto."
Ecuador,ec,3,Convenciones de legibilidad,Baile,Puntuación,Sexo,Niñas,0,22.34,3.60,9.61,64.45,10,"Nota: En los gráficos se excluye el 10% de estudiantes del país cuyas respuestas no pudieron ser codificadas con la rúbrica por estar en blanco, estar en otra lengua o no ser un texto."
Ecuador,ec,3,Convenciones de legibilidad,Baile,Puntuación,Ruralidad,Zona Urbana,0,25.77,3.35,8.66,62.22,10,"Nota: En los gráficos se excluye el 10% de estudiantes del país cuyas respuestas no pudieron ser codificadas con la rúbrica por estar en blanco, estar en otra lengua o no ser un texto."
Ecuador,ec,3,Convenciones de legibilidad,Baile,Puntuación,Ruralidad,Zona Rural,0,27.45,4.66,7.87,60.02,10,"Nota: En los gráficos se excluye el 10% de estudiantes del país cuyas respuestas no pudieron ser codificadas con la rúbrica por estar en blanco, estar en otra lengua o no ser un texto."
Ecuador,ec,3,Convenciones de legibilidad,Carta,Ortografía inicial,Sexo,Niños,0,26.87,25.25,37.99,9.89,10,"Nota: En los gráficos se excluye el 10% de estudiantes del país cuyas respuestas no pudieron ser codificadas con la rúbrica por estar en blanco, estar en otra lengua o no ser un texto."
Ecuador,ec,3,Convenciones de legibilidad,Carta,Ortografía inicial,Sexo,Niñas,0,26.45,23.19,39.14,11.22,10,"Nota: En los gráficos se excluye el 10% de estudiantes del país cuyas respuestas no pudieron ser codificadas con la rúbrica por estar en blanco, estar en otra lengua o no ser un texto."
Ecuador,ec,3,Convenciones de legibilidad,Carta,Ortografía inicial,Ruralidad,Zona Urbana,0,24.95,24.67,39.85,10.53,10,"Nota: En los gráficos se excluye el 10% de estudiantes del país cuyas respuestas no pudieron ser codificadas con la rúbrica por estar en blanco, estar en otra lengua o no ser un texto."
Ecuador,ec,3,Convenciones de legibilidad,Carta,Ortografía inicial,Ruralidad,Zona Rural,0,31.90,22.61,34.72,10.77,10,"Nota: En los gráficos se excluye el 10% de estudiantes del país cuyas respuestas no pudieron ser codificadas con la rúbrica por estar en blanco, estar en otra lengua o no ser un texto."
Ecuador,ec,3,Convenciones de legibilidad,Carta,Puntuación,Sexo,Niños,0,30.63,1.95,13.10,54.33,10,"Nota: En los gráficos se excluye el 10% de estudiantes del país cuyas respuestas no pudieron ser codificadas con la rúbrica por estar en blanco, estar en otra lengua o no ser un texto."
Ecuador,ec,3,Convenciones de legibilidad,Carta,Puntuación,Sexo,Niñas,0,21.22,2.24,12.46,64.08,10,"Nota: En los gráficos se excluye el 10% de estudiantes del país cuyas respuestas no pudieron ser codificadas con la rúbrica por estar en blanco, estar en otra lengua o no ser un texto."
Ecuador,ec,3,Convenciones de legibilidad,Carta,Puntuación,Ruralidad,Zona Urbana,0,25.15,2.26,11.70,60.89,10,"Nota: En los gráficos se excluye el 10% de estudiantes del país cuyas respuestas no pudieron ser codificadas con la rúbrica por estar en blanco, estar en otra lengua o no ser un texto."
Ecuador,ec,3,Convenciones de legibilidad,Carta,Puntuación,Ruralidad,Zona Rural,0,27.32,1.62,16.06,55.00,10,"Nota: En los gráficos se excluye el 10% de estudiantes del país cuyas respuestas no pudieron ser codificadas con la rúbrica por estar en blanco, estar en otra lengua o no ser un texto."
Ecuador,ec,3,Convenciones de legibilidad,Baile,Ortografía inicial,Nacional,País,0,16.80,19.80,46.90,16.50,10,"Nota: En los gráficos se excluye el 10% de estudiantes del país cuyas respuestas no pudieron ser codificadas con la rúbrica por estar en blanco, estar en otra lengua o no ser un texto."
Ecuador,ec,3,Convenciones de legibilidad,Baile,Puntuación,Nacional,País,0,26.20,3.70,8.50,61.70,10,"Nota: En los gráficos se excluye el 10% de estudiantes del país cuyas respuestas no pudieron ser codificadas con la rúbrica por estar en blanco, estar en otra lengua o no ser un texto."
Ecuador,ec,3,Convenciones de legibilidad,Carta,Ortografía inicial,Nacional,País,0,26.60,24.20,38.60,10.60,10,"Nota: En los gráficos se excluye el 10% de estudiantes del país cuyas respuestas no pudieron ser codificadas con la rúbrica por estar en blanco, estar en otra lengua o no ser un texto."
Ecuador,ec,3,Convenciones de legibilidad,Carta,Puntuación,Nacional,País,0,25.70,2.10,12.80,59.50,10,"Nota: En los gráficos se excluye el 10% de estudiantes del país cuyas respuestas no pudieron ser codificadas con la rúbrica por estar en blanco, estar en otra lengua o no ser un texto."
El Salvador,sv,3,Convenciones de legibilidad,Baile,Ortografía inicial,Sexo,Niños,0,15.95,15.91,41.07,27.07,12.6,"Nota: En los gráficos se excluye el 12.6% de estudiantes del país cuyas respuestas no pudieron ser codificadas con la rúbrica por estar en blanco, estar en otra lengua o no ser un texto."
El Salvador,sv,3,Convenciones de legibilidad,Baile,Ortografía inicial,Sexo,Niñas,0,12.88,13.75,44.68,28.69,12.6,"Nota: En los gráficos se excluye el 12.6% de estudiantes del país cuyas respuestas no pudieron ser codificadas con la rúbrica por estar en blanco, estar en otra lengua o no ser un texto."
El Salvador,sv,3,Convenciones de legibilidad,Baile,Ortografía inicial,Ruralidad,Zona Urbana,0,10.00,12.27,45.62,32.10,12.6,"Nota: En los gráficos se excluye el 12.6% de estudiantes del país cuyas respuestas no pudieron ser codificadas con la rúbrica por estar en blanco, estar en otra lengua o no ser un texto."
El Salvador,sv,3,Convenciones de legibilidad,Baile,Ortografía inicial,Ruralidad,Zona Rural,0,18.77,17.29,40.30,23.63,12.6,"Nota: En los gráficos se excluye el 12.6% de estudiantes del país cuyas respuestas no pudieron ser codificadas con la rúbrica por estar en blanco, estar en otra lengua o no ser un texto."
El Salvador,sv,3,Convenciones de legibilidad,Baile,Puntuación,Sexo,Niños,0,53.75,1.50,7.79,36.95,12.6,"Nota: En los gráficos se excluye el 12.6% de estudiantes del país cuyas respuestas no pudieron ser codificadas con la rúbrica por estar en blanco, estar en otra lengua o no ser un texto."
El Salvador,sv,3,Convenciones de legibilidad,Baile,Puntuación,Sexo,Niñas,0,41.88,1.80,09.02,47.30,12.6,"Nota: En los gráficos se excluye el 12.6% de estudiantes del país cuyas respuestas no pudieron ser codificadas con la rúbrica por estar en blanco, estar en otra lengua o no ser un texto."
El Salvador,sv,3,Convenciones de legibilidad,Baile,Puntuación,Ruralidad,Zona Urbana,0,39.17,1.90,7.49,51.44,12.6,"Nota: En los gráficos se excluye el 12.6% de estudiantes del país cuyas respuestas no pudieron ser codificadas con la rúbrica por estar en blanco, estar en otra lengua o no ser un texto."
El Salvador,sv,3,Convenciones de legibilidad,Baile,Puntuación,Ruralidad,Zona Rural,0,55.88,1.42,9.42,33.29,12.6,"Nota: En los gráficos se excluye el 12.6% de estudiantes del país cuyas respuestas no pudieron ser codificadas con la rúbrica por estar en blanco, estar en otra lengua o no ser un texto."
El Salvador,sv,3,Convenciones de legibilidad,Carta,Ortografía inicial,Sexo,Niños,0,18.12,21.13,42.26,18.48,12.6,"Nota: En los gráficos se excluye el 12.6% de estudiantes del país cuyas respuestas no pudieron ser codificadas con la rúbrica por estar en blanco, estar en otra lengua o no ser un texto."
El Salvador,sv,3,Convenciones de legibilidad,Carta,Ortografía inicial,Sexo,Niñas,0,13.25,19.25,45.61,21.89,12.6,"Nota: En los gráficos se excluye el 12.6% de estudiantes del país cuyas respuestas no pudieron ser codificadas con la rúbrica por estar en blanco, estar en otra lengua o no ser un texto."
El Salvador,sv,3,Convenciones de legibilidad,Carta,Ortografía inicial,Ruralidad,Zona Urbana,0,9.13,16.54,47.71,26.62,12.6,"Nota: En los gráficos se excluye el 12.6% de estudiantes del país cuyas respuestas no pudieron ser codificadas con la rúbrica por estar en blanco, estar en otra lengua o no ser un texto."
El Salvador,sv,3,Convenciones de legibilidad,Carta,Ortografía inicial,Ruralidad,Zona Rural,0,22.42,24.01,40.09,13.49,12.6,"Nota: En los gráficos se excluye el 12.6% de estudiantes del país cuyas respuestas no pudieron ser codificadas con la rúbrica por estar en blanco, estar en otra lengua o no ser un texto."
El Salvador,sv,3,Convenciones de legibilidad,Carta,Puntuación,Sexo,Niños,0,50.90,4.31,6.59,38.20,12.6,"Nota: En los gráficos se excluye el 12.6% de estudiantes del país cuyas respuestas no pudieron ser codificadas con la rúbrica por estar en blanco, estar en otra lengua o no ser un texto."
El Salvador,sv,3,Convenciones de legibilidad,Carta,Puntuación,Sexo,Niñas,0,43.01,3.56,8.67,44.76,12.6,"Nota: En los gráficos se excluye el 12.6% de estudiantes del país cuyas respuestas no pudieron ser codificadas con la rúbrica por estar en blanco, estar en otra lengua o no ser un texto."
El Salvador,sv,3,Convenciones de legibilidad,Carta,Puntuación,Ruralidad,Zona Urbana,0,35.04,4.56,8.16,52.25,12.6,"Nota: En los gráficos se excluye el 12.6% de estudiantes del país cuyas respuestas no pudieron ser codificadas con la rúbrica por estar en blanco, estar en otra lengua o no ser un texto."
El Salvador,sv,3,Convenciones de legibilidad,Carta,Puntuación,Ruralidad,Zona Rural,0,59.31,3.26,7.14,30.28,12.6,"Nota: En los gráficos se excluye el 12.6% de estudiantes del país cuyas respuestas no pudieron ser codificadas con la rúbrica por estar en blanco, estar en otra lengua o no ser un texto."
El Salvador,sv,3,Convenciones de legibilidad,Baile,Ortografía inicial,Nacional,País,0,14.30,14.80,43.00,27.90,12.6,"Nota: En los gráficos se excluye el 12.6% de estudiantes del país cuyas respuestas no pudieron ser codificadas con la rúbrica por estar en blanco, estar en otra lengua o no ser un texto."
El Salvador,sv,3,Convenciones de legibilidad,Baile,Puntuación,Nacional,País,0,47.40,1.70,8.40,42.50,12.6,"Nota: En los gráficos se excluye el 12.6% de estudiantes del país cuyas respuestas no pudieron ser codificadas con la rúbrica por estar en blanco, estar en otra lengua o no ser un texto."
El Salvador,sv,3,Convenciones de legibilidad,Carta,Ortografía inicial,Nacional,País,0,15.60,20.20,44.00,20.20,12.6,"Nota: En los gráficos se excluye el 12.6% de estudiantes del país cuyas respuestas no pudieron ser codificadas con la rúbrica por estar en blanco, estar en otra lengua o no ser un texto."
El Salvador,sv,3,Convenciones de legibilidad,Carta,Puntuación,Nacional,País,0,46.90,3.90,7.70,41.50,12.6,"Nota: En los gráficos se excluye el 12.6% de estudiantes del país cuyas respuestas no pudieron ser codificadas con la rúbrica por estar en blanco, estar en otra lengua o no ser un texto."
Guatemala,gt,3,Convenciones de legibilidad,Baile,Ortografía inicial,Sexo,Niños,0,22.03,18.98,44.73,14.26,11.1,"Nota: En los gráficos se excluye el 11.1% de estudiantes del país cuyas respuestas no pudieron ser codificadas con la rúbrica por estar en blanco, estar en otra lengua o no ser un texto."
Guatemala,gt,3,Convenciones de legibilidad,Baile,Ortografía inicial,Sexo,Niñas,0,16.27,17.88,45.37,20.48,11.1,"Nota: En los gráficos se excluye el 11.1% de estudiantes del país cuyas respuestas no pudieron ser codificadas con la rúbrica por estar en blanco, estar en otra lengua o no ser un texto."
Guatemala,gt,3,Convenciones de legibilidad,Baile,Ortografía inicial,Ruralidad,Zona Urbana,0,11.76,17.28,48.62,22.34,11.1,"Nota: En los gráficos se excluye el 11.1% de estudiantes del país cuyas respuestas no pudieron ser codificadas con la rúbrica por estar en blanco, estar en otra lengua o no ser un texto."
Guatemala,gt,3,Convenciones de legibilidad,Baile,Ortografía inicial,Ruralidad,Zona Rural,0,22.81,19.00,43.34,14.84,11.1,"Nota: En los gráficos se excluye el 11.1% de estudiantes del país cuyas respuestas no pudieron ser codificadas con la rúbrica por estar en blanco, estar en otra lengua o no ser un texto."
Guatemala,gt,3,Convenciones de legibilidad,Baile,Puntuación,Sexo,Niños,0,51.04,0.36,9.32,39.28,11.1,"Nota: En los gráficos se excluye el 11.1% de estudiantes del país cuyas respuestas no pudieron ser codificadas con la rúbrica por estar en blanco, estar en otra lengua o no ser un texto."
Guatemala,gt,3,Convenciones de legibilidad,Baile,Puntuación,Sexo,Niñas,0,40.26,0.51,10.26,48.97,11.1,"Nota: En los gráficos se excluye el 11.1% de estudiantes del país cuyas respuestas no pudieron ser codificadas con la rúbrica por estar en blanco, estar en otra lengua o no ser un texto."
Guatemala,gt,3,Convenciones de legibilidad,Baile,Puntuación,Ruralidad,Zona Urbana,0,30.10,0.45,11.39,58.06,11.1,"Nota: En los gráficos se excluye el 11.1% de estudiantes del país cuyas respuestas no pudieron ser codificadas con la rúbrica por estar en blanco, estar en otra lengua o no ser un texto."
Guatemala,gt,3,Convenciones de legibilidad,Baile,Puntuación,Ruralidad,Zona Rural,0,53.32,0.42,9.00,37.25,11.1,"Nota: En los gráficos se excluye el 11.1% de estudiantes del país cuyas respuestas no pudieron ser codificadas con la rúbrica por estar en blanco, estar en otra lengua o no ser un texto."
Guatemala,gt,3,Convenciones de legibilidad,Carta,Ortografía inicial,Sexo,Niños,0,28.63,24.42,38.63,8.32,11.1,"Nota: En los gráficos se excluye el 11.1% de estudiantes del país cuyas respuestas no pudieron ser codificadas con la rúbrica por estar en blanco, estar en otra lengua o no ser un texto."
Guatemala,gt,3,Convenciones de legibilidad,Carta,Ortografía inicial,Sexo,Niñas,0,22.20,21.66,43.95,12.19,11.1,"Nota: En los gráficos se excluye el 11.1% de estudiantes del país cuyas respuestas no pudieron ser codificadas con la rúbrica por estar en blanco, estar en otra lengua o no ser un texto."
Guatemala,gt,3,Convenciones de legibilidad,Carta,Ortografía inicial,Ruralidad,Zona Urbana,0,17.67,20.16,46.47,15.70,11.1,"Nota: En los gráficos se excluye el 11.1% de estudiantes del país cuyas respuestas no pudieron ser codificadas con la rúbrica por estar en blanco, estar en otra lengua o no ser un texto."
Guatemala,gt,3,Convenciones de legibilidad,Carta,Ortografía inicial,Ruralidad,Zona Rural,0,29.26,24.47,38.71,7.56,11.1,"Nota: En los gráficos se excluye el 11.1% de estudiantes del país cuyas respuestas no pudieron ser codificadas con la rúbrica por estar en blanco, estar en otra lengua o no ser un texto."
Guatemala,gt,3,Convenciones de legibilidad,Carta,Puntuación,Sexo,Niños,0,47.04,0.93,9.93,42.10,11.1,"Nota: En los gráficos se excluye el 11.1% de estudiantes del país cuyas respuestas no pudieron ser codificadas con la rúbrica por estar en blanco, estar en otra lengua o no ser un texto."
Guatemala,gt,3,Convenciones de legibilidad,Carta,Puntuación,Sexo,Niñas,0,36.96,0.64,12.44,49.96,11.1,"Nota: En los gráficos se excluye el 11.1% de estudiantes del país cuyas respuestas no pudieron ser codificadas con la rúbrica por estar en blanco, estar en otra lengua o no ser un texto."
Guatemala,gt,3,Convenciones de legibilidad,Carta,Puntuación,Ruralidad,Zona Urbana,0,26.58,0.77,12.83,59.81,11.1,"Nota: En los gráficos se excluye el 11.1% de estudiantes del país cuyas respuestas no pudieron ser codificadas con la rúbrica por estar en blanco, estar en otra lengua o no ser un texto."
Guatemala,gt,3,Convenciones de legibilidad,Carta,Puntuación,Ruralidad,Zona Rural,0,49.62,0.79,10.35,39.24,11.1,"Nota: En los gráficos se excluye el 11.1% de estudiantes del país cuyas respuestas no pudieron ser codificadas con la rúbrica por estar en blanco, estar en otra lengua o no ser un texto."
Guatemala,gt,3,Convenciones de legibilidad,Baile,Ortografía inicial,Nacional,País,0,19.30,18.50,45.00,17.30,11.1,"Nota: En los gráficos se excluye el 11.1% de estudiantes del país cuyas respuestas no pudieron ser codificadas con la rúbrica por estar en blanco, estar en otra lengua o no ser un texto."
Guatemala,gt,3,Convenciones de legibilidad,Baile,Puntuación,Nacional,País,0,45.90,0.40,9.80,43.90,11.1,"Nota: En los gráficos se excluye el 11.1% de estudiantes del país cuyas respuestas no pudieron ser codificadas con la rúbrica por estar en blanco, estar en otra lengua o no ser un texto."
Guatemala,gt,3,Convenciones de legibilidad,Carta,Ortografía inicial,Nacional,País,0,25.50,23.10,41.20,10.20,11.1,"Nota: En los gráficos se excluye el 11.1% de estudiantes del país cuyas respuestas no pudieron ser codificadas con la rúbrica por estar en blanco, estar en otra lengua o no ser un texto."
Guatemala,gt,3,Convenciones de legibilidad,Carta,Puntuación,Nacional,País,0,42.10,0.80,11.20,46.00,11.1,"Nota: En los gráficos se excluye el 11.1% de estudiantes del país cuyas respuestas no pudieron ser codificadas con la rúbrica por estar en blanco, estar en otra lengua o no ser un texto."
Honduras,hn,3,Convenciones de legibilidad,Baile,Ortografía inicial,Sexo,Niños,0,31.96,29.74,32.56,5.74,13,"Nota: En los gráficos se excluye el 13% de estudiantes del país cuyas respuestas no pudieron ser codificadas con la rúbrica por estar en blanco, estar en otra lengua o no ser un texto."
Honduras,hn,3,Convenciones de legibilidad,Baile,Ortografía inicial,Sexo,Niñas,0,35.80,23.66,32.52,08.02,13,"Nota: En los gráficos se excluye el 13% de estudiantes del país cuyas respuestas no pudieron ser codificadas con la rúbrica por estar en blanco, estar en otra lengua o no ser un texto."
Honduras,hn,3,Convenciones de legibilidad,Baile,Ortografía inicial,Ruralidad,Zona Urbana,0,39.11,25.84,30.61,4.44,13,"Nota: En los gráficos se excluye el 13% de estudiantes del país cuyas respuestas no pudieron ser codificadas con la rúbrica por estar en blanco, estar en otra lengua o no ser un texto."
Honduras,hn,3,Convenciones de legibilidad,Baile,Ortografía inicial,Ruralidad,Zona Rural,0,25.96,27.62,35.57,10.85,13,"Nota: En los gráficos se excluye el 13% de estudiantes del país cuyas respuestas no pudieron ser codificadas con la rúbrica por estar en blanco, estar en otra lengua o no ser un texto."
Honduras,hn,3,Convenciones de legibilidad,Baile,Puntuación,Sexo,Niños,0,59.16,9.17,7.28,24.38,13,"Nota: En los gráficos se excluye el 13% de estudiantes del país cuyas respuestas no pudieron ser codificadas con la rúbrica por estar en blanco, estar en otra lengua o no ser un texto."
Honduras,hn,3,Convenciones de legibilidad,Baile,Puntuación,Sexo,Niñas,0,49.97,10.61,8.86,30.57,13,"Nota: En los gráficos se excluye el 13% de estudiantes del país cuyas respuestas no pudieron ser codificadas con la rúbrica por estar en blanco, estar en otra lengua o no ser un texto."
Honduras,hn,3,Convenciones de legibilidad,Baile,Puntuación,Ruralidad,Zona Urbana,0,60.35,8.68,6.48,24.49,13,"Nota: En los gráficos se excluye el 13% de estudiantes del país cuyas respuestas no pudieron ser codificadas con la rúbrica por estar en blanco, estar en otra lengua o no ser un texto."
Honduras,hn,3,Convenciones de legibilidad,Baile,Puntuación,Ruralidad,Zona Rural,0,44.87,11.89,10.67,32.58,13,"Nota: En los gráficos se excluye el 13% de estudiantes del país cuyas respuestas no pudieron ser codificadas con la rúbrica por estar en blanco, estar en otra lengua o no ser un texto."
Honduras,hn,3,Convenciones de legibilidad,Carta,Ortografía inicial,Sexo,Niños,0,40.63,28.02,26.16,5.19,13,"Nota: En los gráficos se excluye el 13% de estudiantes del país cuyas respuestas no pudieron ser codificadas con la rúbrica por estar en blanco, estar en otra lengua o no ser un texto."
Honduras,hn,3,Convenciones de legibilidad,Carta,Ortografía inicial,Sexo,Niñas,0,36.84,26.47,33.09,3.61,13,"Nota: En los gráficos se excluye el 13% de estudiantes del país cuyas respuestas no pudieron ser codificadas con la rúbrica por estar en blanco, estar en otra lengua o no ser un texto."
Honduras,hn,3,Convenciones de legibilidad,Carta,Ortografía inicial,Ruralidad,Zona Urbana,0,41.00,26.63,29.47,2.90,13,"Nota: En los gráficos se excluye el 13% de estudiantes del país cuyas respuestas no pudieron ser codificadas con la rúbrica por estar en blanco, estar en otra lengua o no ser un texto."
Honduras,hn,3,Convenciones de legibilidad,Carta,Ortografía inicial,Ruralidad,Zona Rural,0,34.96,28.07,30.32,6.66,13,"Nota: En los gráficos se excluye el 13% de estudiantes del país cuyas respuestas no pudieron ser codificadas con la rúbrica por estar en blanco, estar en otra lengua o no ser un texto."
Honduras,hn,3,Convenciones de legibilidad,Carta,Puntuación,Sexo,Niños,0,55.35,7.65,8.62,28.38,13,"Nota: En los gráficos se excluye el 13% de estudiantes del país cuyas respuestas no pudieron ser codificadas con la rúbrica por estar en blanco, estar en otra lengua o no ser un texto."
Honduras,hn,3,Convenciones de legibilidad,Carta,Puntuación,Sexo,Niñas,0,48.92,10.65,7.56,32.87,13,"Nota: En los gráficos se excluye el 13% de estudiantes del país cuyas respuestas no pudieron ser codificadas con la rúbrica por estar en blanco, estar en otra lengua o no ser un texto."
Honduras,hn,3,Convenciones de legibilidad,Carta,Puntuación,Ruralidad,Zona Urbana,0,57.28,09.04,6.30,27.38,13,"Nota: En los gráficos se excluye el 13% de estudiantes del país cuyas respuestas no pudieron ser codificadas con la rúbrica por estar en blanco, estar en otra lengua o no ser un texto."
Honduras,hn,3,Convenciones de legibilidad,Carta,Puntuación,Ruralidad,Zona Rural,0,43.56,9.51,10.85,36.07,13,"Nota: En los gráficos se excluye el 13% de estudiantes del país cuyas respuestas no pudieron ser codificadas con la rúbrica por estar en blanco, estar en otra lengua o no ser un texto."
Honduras,hn,3,Convenciones de legibilidad,Baile,Ortografía inicial,Nacional,País,0,34.00,26.50,32.50,6.90,13,"Nota: En los gráficos se excluye el 13% de estudiantes del país cuyas respuestas no pudieron ser codificadas con la rúbrica por estar en blanco, estar en otra lengua o no ser un texto."
Honduras,hn,3,Convenciones de legibilidad,Baile,Puntuación,Nacional,País,0,54.30,9.90,8.10,27.60,13,"Nota: En los gráficos se excluye el 13% de estudiantes del país cuyas respuestas no pudieron ser codificadas con la rúbrica por estar en blanco, estar en otra lengua o no ser un texto."
Honduras,hn,3,Convenciones de legibilidad,Carta,Ortografía inicial,Nacional,País,0,38.70,27.20,29.80,4.40,13,"Nota: En los gráficos se excluye el 13% de estudiantes del país cuyas respuestas no pudieron ser codificadas con la rúbrica por estar en blanco, estar en otra lengua o no ser un texto."
Honduras,hn,3,Convenciones de legibilidad,Carta,Puntuación,Nacional,País,0,52.00,9.20,8.10,30.70,13,"Nota: En los gráficos se excluye el 13% de estudiantes del país cuyas respuestas no pudieron ser codificadas con la rúbrica por estar en blanco, estar en otra lengua o no ser un texto."
México,mx,3,Convenciones de legibilidad,Baile,Ortografía inicial,Sexo,Niños,0,11.56,17.41,39.83,31.20,8.6,"Nota: En los gráficos se excluye el 8.6% de estudiantes del país cuyas respuestas no pudieron ser codificadas con la rúbrica por estar en blanco, estar en otra lengua o no ser un texto."
México,mx,3,Convenciones de legibilidad,Baile,Ortografía inicial,Sexo,Niñas,0,12.59,16.90,43.19,27.32,8.6,"Nota: En los gráficos se excluye el 8.6% de estudiantes del país cuyas respuestas no pudieron ser codificadas con la rúbrica por estar en blanco, estar en otra lengua o no ser un texto."
México,mx,3,Convenciones de legibilidad,Baile,Ortografía inicial,Ruralidad,Zona Urbana,0,11.29,17.30,40.56,30.86,8.6,"Nota: En los gráficos se excluye el 8.6% de estudiantes del país cuyas respuestas no pudieron ser codificadas con la rúbrica por estar en blanco, estar en otra lengua o no ser un texto."
México,mx,3,Convenciones de legibilidad,Baile,Ortografía inicial,Ruralidad,Zona Rural,0,14.84,16.65,44.87,23.65,8.6,"Nota: En los gráficos se excluye el 8.6% de estudiantes del país cuyas respuestas no pudieron ser codificadas con la rúbrica por estar en blanco, estar en otra lengua o no ser un texto."
México,mx,3,Convenciones de legibilidad,Baile,Puntuación,Sexo,Niños,0,51.24,2.44,3.44,42.87,8.6,"Nota: En los gráficos se excluye el 8.6% de estudiantes del país cuyas respuestas no pudieron ser codificadas con la rúbrica por estar en blanco, estar en otra lengua o no ser un texto."
México,mx,3,Convenciones de legibilidad,Baile,Puntuación,Sexo,Niñas,0,38.00,3.15,4.68,54.17,8.6,"Nota: En los gráficos se excluye el 8.6% de estudiantes del país cuyas respuestas no pudieron ser codificadas con la rúbrica por estar en blanco, estar en otra lengua o no ser un texto."
México,mx,3,Convenciones de legibilidad,Baile,Puntuación,Ruralidad,Zona Urbana,0,43.69,03.02,3.60,49.70,8.6,"Nota: En los gráficos se excluye el 8.6% de estudiantes del país cuyas respuestas no pudieron ser codificadas con la rúbrica por estar en blanco, estar en otra lengua o no ser un texto."
México,mx,3,Convenciones de legibilidad,Baile,Puntuación,Ruralidad,Zona Rural,0,47.95,02.02,5.66,44.37,8.6,"Nota: En los gráficos se excluye el 8.6% de estudiantes del país cuyas respuestas no pudieron ser codificadas con la rúbrica por estar en blanco, estar en otra lengua o no ser un texto."
México,mx,3,Convenciones de legibilidad,Carta,Ortografía inicial,Sexo,Niños,0,14.79,16.17,45.98,23.05,8.6,"Nota: En los gráficos se excluye el 8.6% de estudiantes del país cuyas respuestas no pudieron ser codificadas con la rúbrica por estar en blanco, estar en otra lengua o no ser un texto."
México,mx,3,Convenciones de legibilidad,Carta,Ortografía inicial,Sexo,Niñas,0,14.14,15.28,46.50,24.09,8.6,"Nota: En los gráficos se excluye el 8.6% de estudiantes del país cuyas respuestas no pudieron ser codificadas con la rúbrica por estar en blanco, estar en otra lengua o no ser un texto."
México,mx,3,Convenciones de legibilidad,Carta,Ortografía inicial,Ruralidad,Zona Urbana,0,13.13,15.65,45.97,25.25,8.6,"Nota: En los gráficos se excluye el 8.6% de estudiantes del país cuyas respuestas no pudieron ser codificadas con la rúbrica por estar en blanco, estar en otra lengua o no ser un texto."
México,mx,3,Convenciones de legibilidad,Carta,Ortografía inicial,Ruralidad,Zona Rural,0,19.24,16.10,47.11,17.55,8.6,"Nota: En los gráficos se excluye el 8.6% de estudiantes del país cuyas respuestas no pudieron ser codificadas con la rúbrica por estar en blanco, estar en otra lengua o no ser un texto."
México,mx,3,Convenciones de legibilidad,Carta,Puntuación,Sexo,Niños,0,49.79,2.30,04.08,43.83,8.6,"Nota: En los gráficos se excluye el 8.6% de estudiantes del país cuyas respuestas no pudieron ser codificadas con la rúbrica por estar en blanco, estar en otra lengua o no ser un texto."
México,mx,3,Convenciones de legibilidad,Carta,Puntuación,Sexo,Niñas,0,35.89,2.74,05.01,56.36,8.6,"Nota: En los gráficos se excluye el 8.6% de estudiantes del país cuyas respuestas no pudieron ser codificadas con la rúbrica por estar en blanco, estar en otra lengua o no ser un texto."
México,mx,3,Convenciones de legibilidad,Carta,Puntuación,Ruralidad,Zona Urbana,0,40.76,2.68,05.05,51.51,8.6,"Nota: En los gráficos se excluye el 8.6% de estudiantes del país cuyas respuestas no pudieron ser codificadas con la rúbrica por estar en blanco, estar en otra lengua o no ser un texto."
México,mx,3,Convenciones de legibilidad,Carta,Puntuación,Ruralidad,Zona Rural,0,51.57,1.90,2.67,43.86,8.6,"Nota: En los gráficos se excluye el 8.6% de estudiantes del país cuyas respuestas no pudieron ser codificadas con la rúbrica por estar en blanco, estar en otra lengua o no ser un texto."
México,mx,3,Convenciones de legibilidad,Baile,Ortografía inicial,Nacional,País,0,12.10,17.20,41.50,29.30,8.6,"Nota: En los gráficos se excluye el 8.6% de estudiantes del país cuyas respuestas no pudieron ser codificadas con la rúbrica por estar en blanco, estar en otra lengua o no ser un texto."
México,mx,3,Convenciones de legibilidad,Baile,Puntuación,Nacional,País,0,44.60,2.80,4.10,48.50,8.6,"Nota: En los gráficos se excluye el 8.6% de estudiantes del país cuyas respuestas no pudieron ser codificadas con la rúbrica por estar en blanco, estar en otra lengua o no ser un texto."
México,mx,3,Convenciones de legibilidad,Carta,Ortografía inicial,Nacional,País,1,14.50,15.70,46.20,23.50,8.6,"Nota: En los gráficos se excluye el 8.6% de estudiantes del país cuyas respuestas no pudieron ser codificadas con la rúbrica por estar en blanco, estar en otra lengua o no ser un texto."
México,mx,3,Convenciones de legibilidad,Carta,Puntuación,Nacional,País,0,43.10,2.50,4.50,49.80,8.6,"Nota: En los gráficos se excluye el 8.6% de estudiantes del país cuyas respuestas no pudieron ser codificadas con la rúbrica por estar en blanco, estar en otra lengua o no ser un texto."
Nicaragua,ni,3,Convenciones de legibilidad,Baile,Ortografía inicial,Sexo,Niños,0,4.85,12.36,53.92,28.87,37.2,"Nota: En los gráficos se excluye el 37.2% de estudiantes del país cuyas respuestas no pudieron ser codificadas con la rúbrica por estar en blanco, estar en otra lengua o no ser un texto."
Nicaragua,ni,3,Convenciones de legibilidad,Baile,Ortografía inicial,Sexo,Niñas,0,5.90,17.94,48.47,27.69,37.2,"Nota: En los gráficos se excluye el 37.2% de estudiantes del país cuyas respuestas no pudieron ser codificadas con la rúbrica por estar en blanco, estar en otra lengua o no ser un texto."
Nicaragua,ni,3,Convenciones de legibilidad,Baile,Ortografía inicial,Ruralidad,Zona Urbana,0,04.01,12.32,52.34,31.33,37.2,"Nota: En los gráficos se excluye el 37.2% de estudiantes del país cuyas respuestas no pudieron ser codificadas con la rúbrica por estar en blanco, estar en otra lengua o no ser un texto."
Nicaragua,ni,3,Convenciones de legibilidad,Baile,Ortografía inicial,Ruralidad,Zona Rural,0,06.04,16.67,50.46,26.83,37.2,"Nota: En los gráficos se excluye el 37.2% de estudiantes del país cuyas respuestas no pudieron ser codificadas con la rúbrica por estar en blanco, estar en otra lengua o no ser un texto."
Nicaragua,ni,3,Convenciones de legibilidad,Baile,Puntuación,Sexo,Niños,0,44.21,46.14,5.84,3.80,37.2,"Nota: En los gráficos se excluye el 37.2% de estudiantes del país cuyas respuestas no pudieron ser codificadas con la rúbrica por estar en blanco, estar en otra lengua o no ser un texto."
Nicaragua,ni,3,Convenciones de legibilidad,Baile,Puntuación,Sexo,Niñas,0,37.34,53.67,3.75,5.25,37.2,"Nota: En los gráficos se excluye el 37.2% de estudiantes del país cuyas respuestas no pudieron ser codificadas con la rúbrica por estar en blanco, estar en otra lengua o no ser un texto."
Nicaragua,ni,3,Convenciones de legibilidad,Baile,Puntuación,Ruralidad,Zona Urbana,0,37.33,52.31,2.62,7.74,37.2,"Nota: En los gráficos se excluye el 37.2% de estudiantes del país cuyas respuestas no pudieron ser codificadas con la rúbrica por estar en blanco, estar en otra lengua o no ser un texto."
Nicaragua,ni,3,Convenciones de legibilidad,Baile,Puntuación,Ruralidad,Zona Rural,0,42.09,49.10,5.71,3.11,37.2,"Nota: En los gráficos se excluye el 37.2% de estudiantes del país cuyas respuestas no pudieron ser codificadas con la rúbrica por estar en blanco, estar en otra lengua o no ser un texto."
Nicaragua,ni,3,Convenciones de legibilidad,Carta,Ortografía inicial,Sexo,Niños,0,10.68,20.80,52.56,15.97,37.2,"Nota: En los gráficos se excluye el 37.2% de estudiantes del país cuyas respuestas no pudieron ser codificadas con la rúbrica por estar en blanco, estar en otra lengua o no ser un texto."
Nicaragua,ni,3,Convenciones de legibilidad,Carta,Ortografía inicial,Sexo,Niñas,0,10.23,26.87,49.93,12.97,37.2,"Nota: En los gráficos se excluye el 37.2% de estudiantes del país cuyas respuestas no pudieron ser codificadas con la rúbrica por estar en blanco, estar en otra lengua o no ser un texto."
Nicaragua,ni,3,Convenciones de legibilidad,Carta,Ortografía inicial,Ruralidad,Zona Urbana,0,6.96,18.46,54.28,20.30,37.2,"Nota: En los gráficos se excluye el 37.2% de estudiantes del país cuyas respuestas no pudieron ser codificadas con la rúbrica por estar en blanco, estar en otra lengua o no ser un texto."
Nicaragua,ni,3,Convenciones de legibilidad,Carta,Ortografía inicial,Ruralidad,Zona Rural,0,12.05,26.44,49.79,11.73,37.2,"Nota: En los gráficos se excluye el 37.2% de estudiantes del país cuyas respuestas no pudieron ser codificadas con la rúbrica por estar en blanco, estar en otra lengua o no ser un texto."
Nicaragua,ni,3,Convenciones de legibilidad,Carta,Puntuación,Sexo,Niños,0,45.71,47.40,2.41,4.48,37.2,"Nota: En los gráficos se excluye el 37.2% de estudiantes del país cuyas respuestas no pudieron ser codificadas con la rúbrica por estar en blanco, estar en otra lengua o no ser un texto."
Nicaragua,ni,3,Convenciones de legibilidad,Carta,Puntuación,Sexo,Niñas,0,41.22,49.89,3.80,05.09,37.2,"Nota: En los gráficos se excluye el 37.2% de estudiantes del país cuyas respuestas no pudieron ser codificadas con la rúbrica por estar en blanco, estar en otra lengua o no ser un texto."
Nicaragua,ni,3,Convenciones de legibilidad,Carta,Puntuación,Ruralidad,Zona Urbana,0,36.08,52.04,3.40,8.49,37.2,"Nota: En los gráficos se excluye el 37.2% de estudiantes del país cuyas respuestas no pudieron ser codificadas con la rúbrica por estar en blanco, estar en otra lengua o no ser un texto."
Nicaragua,ni,3,Convenciones de legibilidad,Carta,Puntuación,Ruralidad,Zona Rural,0,46.75,47.14,3.00,3.10,37.2,"Nota: En los gráficos se excluye el 37.2% de estudiantes del país cuyas respuestas no pudieron ser codificadas con la rúbrica por estar en blanco, estar en otra lengua o no ser un texto."
Nicaragua,ni,3,Convenciones de legibilidad,Baile,Ortografía inicial,Nacional,País,1,5.40,15.30,51.00,28.20,37.2,"Nota: En los gráficos se excluye el 37.2% de estudiantes del país cuyas respuestas no pudieron ser codificadas con la rúbrica por estar en blanco, estar en otra lengua o no ser un texto."
Nicaragua,ni,3,Convenciones de legibilidad,Baile,Puntuación,Nacional,País,0,40.60,50.10,4.70,4.60,37.2,"Nota: En los gráficos se excluye el 37.2% de estudiantes del país cuyas respuestas no pudieron ser codificadas con la rúbrica por estar en blanco, estar en otra lengua o no ser un texto."
Nicaragua,ni,3,Convenciones de legibilidad,Carta,Ortografía inicial,Nacional,País,1,10.40,23.90,51.20,14.40,37.2,"Nota: En los gráficos se excluye el 37.2% de estudiantes del país cuyas respuestas no pudieron ser codificadas con la rúbrica por estar en blanco, estar en otra lengua o no ser un texto."
Nicaragua,ni,3,Convenciones de legibilidad,Carta,Puntuación,Nacional,País,0,43.40,48.70,3.10,4.80,37.2,"Nota: En los gráficos se excluye el 37.2% de estudiantes del país cuyas respuestas no pudieron ser codificadas con la rúbrica por estar en blanco, estar en otra lengua o no ser un texto."
Panamá,pa,3,Convenciones de legibilidad,Baile,Ortografía inicial,Sexo,Niños,0,9.37,23.14,48.34,19.15,26.7,"Nota: En los gráficos se excluye el 26.7% de estudiantes del país cuyas respuestas no pudieron ser codificadas con la rúbrica por estar en blanco, estar en otra lengua o no ser un texto."
Panamá,pa,3,Convenciones de legibilidad,Baile,Ortografía inicial,Sexo,Niñas,0,9.25,22.94,44.61,23.21,26.7,"Nota: En los gráficos se excluye el 26.7% de estudiantes del país cuyas respuestas no pudieron ser codificadas con la rúbrica por estar en blanco, estar en otra lengua o no ser un texto."
Panamá,pa,3,Convenciones de legibilidad,Baile,Ortografía inicial,Ruralidad,Zona Urbana,0,7.88,20.96,46.25,24.90,26.7,"Nota: En los gráficos se excluye el 26.7% de estudiantes del país cuyas respuestas no pudieron ser codificadas con la rúbrica por estar en blanco, estar en otra lengua o no ser un texto."
Panamá,pa,3,Convenciones de legibilidad,Baile,Ortografía inicial,Ruralidad,Zona Rural,0,11.63,26.43,46.42,15.52,26.7,"Nota: En los gráficos se excluye el 26.7% de estudiantes del país cuyas respuestas no pudieron ser codificadas con la rúbrica por estar en blanco, estar en otra lengua o no ser un texto."
Panamá,pa,3,Convenciones de legibilidad,Baile,Puntuación,Sexo,Niños,0,44.08,4.20,4.48,47.24,26.7,"Nota: En los gráficos se excluye el 26.7% de estudiantes del país cuyas respuestas no pudieron ser codificadas con la rúbrica por estar en blanco, estar en otra lengua o no ser un texto."
Panamá,pa,3,Convenciones de legibilidad,Baile,Puntuación,Sexo,Niñas,0,35.59,3.35,4.88,56.19,26.7,"Nota: En los gráficos se excluye el 26.7% de estudiantes del país cuyas respuestas no pudieron ser codificadas con la rúbrica por estar en blanco, estar en otra lengua o no ser un texto."
Panamá,pa,3,Convenciones de legibilidad,Baile,Puntuación,Ruralidad,Zona Urbana,0,33.65,3.80,5.80,56.75,26.7,"Nota: En los gráficos se excluye el 26.7% de estudiantes del país cuyas respuestas no pudieron ser codificadas con la rúbrica por estar en blanco, estar en otra lengua o no ser un texto."
Panamá,pa,3,Convenciones de legibilidad,Baile,Puntuación,Ruralidad,Zona Rural,0,49.03,3.63,2.88,44.46,26.7,"Nota: En los gráficos se excluye el 26.7% de estudiantes del país cuyas respuestas no pudieron ser codificadas con la rúbrica por estar en blanco, estar en otra lengua o no ser un texto."
Panamá,pa,3,Convenciones de legibilidad,Carta,Ortografía inicial,Sexo,Niños,0,14.26,25.98,44.70,15.06,26.7,"Nota: En los gráficos se excluye el 26.7% de estudiantes del país cuyas respuestas no pudieron ser codificadas con la rúbrica por estar en blanco, estar en otra lengua o no ser un texto."
Panamá,pa,3,Convenciones de legibilidad,Carta,Ortografía inicial,Sexo,Niñas,0,14.32,25.95,43.10,16.64,26.7,"Nota: En los gráficos se excluye el 26.7% de estudiantes del país cuyas respuestas no pudieron ser codificadas con la rúbrica por estar en blanco, estar en otra lengua o no ser un texto."
Panamá,pa,3,Convenciones de legibilidad,Carta,Ortografía inicial,Ruralidad,Zona Urbana,0,12.87,26.93,42.30,17.90,26.7,"Nota: En los gráficos se excluye el 26.7% de estudiantes del país cuyas respuestas no pudieron ser codificadas con la rúbrica por estar en blanco, estar en otra lengua o no ser un texto."
Panamá,pa,3,Convenciones de legibilidad,Carta,Ortografía inicial,Ruralidad,Zona Rural,0,16.40,24.53,46.18,12.89,26.7,"Nota: En los gráficos se excluye el 26.7% de estudiantes del país cuyas respuestas no pudieron ser codificadas con la rúbrica por estar en blanco, estar en otra lengua o no ser un texto."
Panamá,pa,3,Convenciones de legibilidad,Carta,Puntuación,Sexo,Niños,0,42.28,3.78,7.27,46.67,26.7,"Nota: En los gráficos se excluye el 26.7% de estudiantes del país cuyas respuestas no pudieron ser codificadas con la rúbrica por estar en blanco, estar en otra lengua o no ser un texto."
Panamá,pa,3,Convenciones de legibilidad,Carta,Puntuación,Sexo,Niñas,0,33.28,4.88,8.14,53.71,26.7,"Nota: En los gráficos se excluye el 26.7% de estudiantes del país cuyas respuestas no pudieron ser codificadas con la rúbrica por estar en blanco, estar en otra lengua o no ser un texto."
Panamá,pa,3,Convenciones de legibilidad,Carta,Puntuación,Ruralidad,Zona Urbana,0,32.30,4.53,7.75,55.42,26.7,"Nota: En los gráficos se excluye el 26.7% de estudiantes del país cuyas respuestas no pudieron ser codificadas con la rúbrica por estar en blanco, estar en otra lengua o no ser un texto."
Panamá,pa,3,Convenciones de legibilidad,Carta,Puntuación,Ruralidad,Zona Rural,0,45.45,04.09,7.68,42.78,26.7,"Nota: En los gráficos se excluye el 26.7% de estudiantes del país cuyas respuestas no pudieron ser codificadas con la rúbrica por estar en blanco, estar en otra lengua o no ser un texto."
Panamá,pa,3,Convenciones de legibilidad,Baile,Ortografía inicial,Nacional,País,0,9.30,23.00,46.30,21.30,26.7,"Nota: En los gráficos se excluye el 26.7% de estudiantes del país cuyas respuestas no pudieron ser codificadas con la rúbrica por estar en blanco, estar en otra lengua o no ser un texto."
Panamá,pa,3,Convenciones de legibilidad,Baile,Puntuación,Nacional,País,0,39.50,3.70,4.70,52.10,26.7,"Nota: En los gráficos se excluye el 26.7% de estudiantes del país cuyas respuestas no pudieron ser codificadas con la rúbrica por estar en blanco, estar en otra lengua o no ser un texto."
Panamá,pa,3,Convenciones de legibilidad,Carta,Ortografía inicial,Nacional,País,0,14.30,26.00,43.90,15.90,26.7,"Nota: En los gráficos se excluye el 26.7% de estudiantes del país cuyas respuestas no pudieron ser codificadas con la rúbrica por estar en blanco, estar en otra lengua o no ser un texto."
Panamá,pa,3,Convenciones de legibilidad,Carta,Puntuación,Nacional,País,0,37.60,4.40,7.70,50.30,26.7,"Nota: En los gráficos se excluye el 26.7% de estudiantes del país cuyas respuestas no pudieron ser codificadas con la rúbrica por estar en blanco, estar en otra lengua o no ser un texto."
Paraguay,py,3,Convenciones de legibilidad,Baile,Ortografía inicial,Sexo,Niños,0,2.58,11.34,54.40,31.68,32.8,"Nota: En los gráficos se excluye el 32.8% de estudiantes del país cuyas respuestas no pudieron ser codificadas con la rúbrica por estar en blanco, estar en otra lengua o no ser un texto."
Paraguay,py,3,Convenciones de legibilidad,Baile,Ortografía inicial,Sexo,Niñas,0,3.51,9.95,50.24,36.30,32.8,"Nota: En los gráficos se excluye el 32.8% de estudiantes del país cuyas respuestas no pudieron ser codificadas con la rúbrica por estar en blanco, estar en otra lengua o no ser un texto."
Paraguay,py,3,Convenciones de legibilidad,Baile,Ortografía inicial,Ruralidad,Zona Urbana,0,03.06,10.58,52.87,33.49,32.8,"Nota: En los gráficos se excluye el 32.8% de estudiantes del país cuyas respuestas no pudieron ser codificadas con la rúbrica por estar en blanco, estar en otra lengua o no ser un texto."
Paraguay,py,3,Convenciones de legibilidad,Baile,Ortografía inicial,Ruralidad,Zona Rural,0,3.21,10.49,50.25,36.05,32.8,"Nota: En los gráficos se excluye el 32.8% de estudiantes del país cuyas respuestas no pudieron ser codificadas con la rúbrica por estar en blanco, estar en otra lengua o no ser un texto."
Paraguay,py,3,Convenciones de legibilidad,Baile,Puntuación,Sexo,Niños,0,47.08,0.15,8.76,44.01,32.8,"Nota: En los gráficos se excluye el 32.8% de estudiantes del país cuyas respuestas no pudieron ser codificadas con la rúbrica por estar en blanco, estar en otra lengua o no ser un texto."
Paraguay,py,3,Convenciones de legibilidad,Baile,Puntuación,Sexo,Niñas,0,39.83,0.53,9.55,50.10,32.8,"Nota: En los gráficos se excluye el 32.8% de estudiantes del país cuyas respuestas no pudieron ser codificadas con la rúbrica por estar en blanco, estar en otra lengua o no ser un texto."
Paraguay,py,3,Convenciones de legibilidad,Baile,Puntuación,Ruralidad,Zona Urbana,0,39.73,0.35,10.17,49.74,32.8,"Nota: En los gráficos se excluye el 32.8% de estudiantes del país cuyas respuestas no pudieron ser codificadas con la rúbrica por estar en blanco, estar en otra lengua o no ser un texto."
Paraguay,py,3,Convenciones de legibilidad,Baile,Puntuación,Ruralidad,Zona Rural,0,50.02,0.39,7.11,42.49,32.8,"Nota: En los gráficos se excluye el 32.8% de estudiantes del país cuyas respuestas no pudieron ser codificadas con la rúbrica por estar en blanco, estar en otra lengua o no ser un texto."
Paraguay,py,3,Convenciones de legibilidad,Carta,Ortografía inicial,Sexo,Niños,0,7.73,14.08,49.18,29.02,32.8,"Nota: En los gráficos se excluye el 32.8% de estudiantes del país cuyas respuestas no pudieron ser codificadas con la rúbrica por estar en blanco, estar en otra lengua o no ser un texto."
Paraguay,py,3,Convenciones de legibilidad,Carta,Ortografía inicial,Sexo,Niñas,0,5.33,12.53,50.24,31.90,32.8,"Nota: En los gráficos se excluye el 32.8% de estudiantes del país cuyas respuestas no pudieron ser codificadas con la rúbrica por estar en blanco, estar en otra lengua o no ser un texto."
Paraguay,py,3,Convenciones de legibilidad,Carta,Ortografía inicial,Ruralidad,Zona Urbana,0,5.53,13.04,50.32,31.10,32.8,"Nota: En los gráficos se excluye el 32.8% de estudiantes del país cuyas respuestas no pudieron ser codificadas con la rúbrica por estar en blanco, estar en otra lengua o no ser un texto."
Paraguay,py,3,Convenciones de legibilidad,Carta,Ortografía inicial,Ruralidad,Zona Rural,0,8.34,13.65,48.54,29.47,32.8,"Nota: En los gráficos se excluye el 32.8% de estudiantes del país cuyas respuestas no pudieron ser codificadas con la rúbrica por estar en blanco, estar en otra lengua o no ser un texto."
Paraguay,py,3,Convenciones de legibilidad,Carta,Puntuación,Sexo,Niños,0,48.86,0.73,9.34,41.07,32.8,"Nota: En los gráficos se excluye el 32.8% de estudiantes del país cuyas respuestas no pudieron ser codificadas con la rúbrica por estar en blanco, estar en otra lengua o no ser un texto."
Paraguay,py,3,Convenciones de legibilidad,Carta,Puntuación,Sexo,Niñas,0,41.14,1.18,7.56,50.12,32.8,"Nota: En los gráficos se excluye el 32.8% de estudiantes del país cuyas respuestas no pudieron ser codificadas con la rúbrica por estar en blanco, estar en otra lengua o no ser un texto."
Paraguay,py,3,Convenciones de legibilidad,Carta,Puntuación,Ruralidad,Zona Urbana,0,42.34,1.13,8.57,47.96,32.8,"Nota: En los gráficos se excluye el 32.8% de estudiantes del país cuyas respuestas no pudieron ser codificadas con la rúbrica por estar en blanco, estar en otra lengua o no ser un texto."
Paraguay,py,3,Convenciones de legibilidad,Carta,Puntuación,Ruralidad,Zona Rural,0,49.65,0.64,7.96,41.75,32.8,"Nota: En los gráficos se excluye el 32.8% de estudiantes del país cuyas respuestas no pudieron ser codificadas con la rúbrica por estar en blanco, estar en otra lengua o no ser un texto."
Paraguay,py,3,Convenciones de legibilidad,Baile,Ortografía inicial,Nacional,País,0,3.10,10.60,52.00,34.30,32.8,"Nota: En los gráficos se excluye el 32.8% de estudiantes del país cuyas respuestas no pudieron ser codificadas con la rúbrica por estar en blanco, estar en otra lengua o no ser un texto."
Paraguay,py,3,Convenciones de legibilidad,Baile,Puntuación,Nacional,País,0,43.00,0.40,9.20,47.50,32.8,"Nota: En los gráficos se excluye el 32.8% de estudiantes del país cuyas respuestas no pudieron ser codificadas con la rúbrica por estar en blanco, estar en otra lengua o no ser un texto."
Paraguay,py,3,Convenciones de legibilidad,Carta,Ortografía inicial,Nacional,País,0,6.40,13.20,49.80,30.60,32.8,"Nota: En los gráficos se excluye el 32.8% de estudiantes del país cuyas respuestas no pudieron ser codificadas con la rúbrica por estar en blanco, estar en otra lengua o no ser un texto."
Paraguay,py,3,Convenciones de legibilidad,Carta,Puntuación,Nacional,País,0,44.70,1.00,8.40,46.00,32.8,"Nota: En los gráficos se excluye el 32.8% de estudiantes del país cuyas respuestas no pudieron ser codificadas con la rúbrica por estar en blanco, estar en otra lengua o no ser un texto."
Perú,pe,3,Convenciones de legibilidad,Baile,Ortografía inicial,Sexo,Niños,0,5.72,13.29,47.71,33.27,10.2,"Nota: En los gráficos se excluye el 10.2% de estudiantes del país cuyas respuestas no pudieron ser codificadas con la rúbrica por estar en blanco, estar en otra lengua o no ser un texto."
Perú,pe,3,Convenciones de legibilidad,Baile,Ortografía inicial,Sexo,Niñas,0,5.95,12.27,48.12,33.66,10.2,"Nota: En los gráficos se excluye el 10.2% de estudiantes del país cuyas respuestas no pudieron ser codificadas con la rúbrica por estar en blanco, estar en otra lengua o no ser un texto."
Perú,pe,3,Convenciones de legibilidad,Baile,Ortografía inicial,Ruralidad,Zona Urbana,0,4.58,11.78,47.87,35.77,10.2,"Nota: En los gráficos se excluye el 10.2% de estudiantes del país cuyas respuestas no pudieron ser codificadas con la rúbrica por estar en blanco, estar en otra lengua o no ser un texto."
Perú,pe,3,Convenciones de legibilidad,Baile,Ortografía inicial,Ruralidad,Zona Rural,0,14.00,19.09,48.31,18.60,10.2,"Nota: En los gráficos se excluye el 10.2% de estudiantes del país cuyas respuestas no pudieron ser codificadas con la rúbrica por estar en blanco, estar en otra lengua o no ser un texto."
Perú,pe,3,Convenciones de legibilidad,Baile,Puntuación,Sexo,Niños,0,23.81,0.68,9.23,66.28,10.2,"Nota: En los gráficos se excluye el 10.2% de estudiantes del país cuyas respuestas no pudieron ser codificadas con la rúbrica por estar en blanco, estar en otra lengua o no ser un texto."
Perú,pe,3,Convenciones de legibilidad,Baile,Puntuación,Sexo,Niñas,0,19.35,0.88,11.85,67.91,10.2,"Nota: En los gráficos se excluye el 10.2% de estudiantes del país cuyas respuestas no pudieron ser codificadas con la rúbrica por estar en blanco, estar en otra lengua o no ser un texto."
Perú,pe,3,Convenciones de legibilidad,Baile,Puntuación,Ruralidad,Zona Urbana,0,18.95,0.75,10.57,69.73,10.2,"Nota: En los gráficos se excluye el 10.2% de estudiantes del país cuyas respuestas no pudieron ser codificadas con la rúbrica por estar en blanco, estar en otra lengua o no ser un texto."
Perú,pe,3,Convenciones de legibilidad,Baile,Puntuación,Ruralidad,Zona Rural,0,37.88,01.01,10.81,50.31,10.2,"Nota: En los gráficos se excluye el 10.2% de estudiantes del país cuyas respuestas no pudieron ser codificadas con la rúbrica por estar en blanco, estar en otra lengua o no ser un texto."
Perú,pe,3,Convenciones de legibilidad,Carta,Ortografía inicial,Sexo,Niños,0,12.03,19.40,49.09,19.48,10.2,"Nota: En los gráficos se excluye el 10.2% de estudiantes del país cuyas respuestas no pudieron ser codificadas con la rúbrica por estar en blanco, estar en otra lengua o no ser un texto."
Perú,pe,3,Convenciones de legibilidad,Carta,Ortografía inicial,Sexo,Niñas,0,12.55,18.36,47.99,21.10,10.2,"Nota: En los gráficos se excluye el 10.2% de estudiantes del país cuyas respuestas no pudieron ser codificadas con la rúbrica por estar en blanco, estar en otra lengua o no ser un texto."
Perú,pe,3,Convenciones de legibilidad,Carta,Ortografía inicial,Ruralidad,Zona Urbana,0,9.32,17.91,49.95,22.82,10.2,"Nota: En los gráficos se excluye el 10.2% de estudiantes del país cuyas respuestas no pudieron ser codificadas con la rúbrica por estar en blanco, estar en otra lengua o no ser un texto."
Perú,pe,3,Convenciones de legibilidad,Carta,Ortografía inicial,Ruralidad,Zona Rural,0,31.20,24.91,39.46,4.43,10.2,"Nota: En los gráficos se excluye el 10.2% de estudiantes del país cuyas respuestas no pudieron ser codificadas con la rúbrica por estar en blanco, estar en otra lengua o no ser un texto."
Perú,pe,3,Convenciones de legibilidad,Carta,Puntuación,Sexo,Niños,0,22.74,0.24,4.75,72.28,10.2,"Nota: En los gráficos se excluye el 10.2% de estudiantes del país cuyas respuestas no pudieron ser codificadas con la rúbrica por estar en blanco, estar en otra lengua o no ser un texto."
Perú,pe,3,Convenciones de legibilidad,Carta,Puntuación,Sexo,Niñas,0,15.91,0.47,4.68,78.94,10.2,"Nota: En los gráficos se excluye el 10.2% de estudiantes del país cuyas respuestas no pudieron ser codificadas con la rúbrica por estar en blanco, estar en otra lengua o no ser un texto."
Perú,pe,3,Convenciones de legibilidad,Carta,Puntuación,Ruralidad,Zona Urbana,0,18.21,0.41,4.35,77.04,10.2,"Nota: En los gráficos se excluye el 10.2% de estudiantes del país cuyas respuestas no pudieron ser codificadas con la rúbrica por estar en blanco, estar en otra lengua o no ser un texto."
Perú,pe,3,Convenciones de legibilidad,Carta,Puntuación,Ruralidad,Zona Rural,0,25.57,0.00,07.02,67.41,10.2,"Nota: En los gráficos se excluye el 10.2% de estudiantes del país cuyas respuestas no pudieron ser codificadas con la rúbrica por estar en blanco, estar en otra lengua o no ser un texto."
Perú,pe,3,Convenciones de legibilidad,Baile,Ortografía inicial,Nacional,País,0,5.80,12.80,47.90,33.50,10.2,"Nota: En los gráficos se excluye el 10.2% de estudiantes del país cuyas respuestas no pudieron ser codificadas con la rúbrica por estar en blanco, estar en otra lengua o no ser un texto."
Perú,pe,3,Convenciones de legibilidad,Baile,Puntuación,Nacional,País,0,21.50,0.80,10.60,67.10,10.2,"Nota: En los gráficos se excluye el 10.2% de estudiantes del país cuyas respuestas no pudieron ser codificadas con la rúbrica por estar en blanco, estar en otra lengua o no ser un texto."
Perú,pe,3,Convenciones de legibilidad,Carta,Ortografía inicial,Nacional,País,0,12.30,18.90,48.50,20.30,10.2,"Nota: En los gráficos se excluye el 10.2% de estudiantes del país cuyas respuestas no pudieron ser codificadas con la rúbrica por estar en blanco, estar en otra lengua o no ser un texto."
Perú,pe,3,Convenciones de legibilidad,Carta,Puntuación,Nacional,País,0,19.20,0.40,4.70,75.70,10.2,"Nota: En los gráficos se excluye el 10.2% de estudiantes del país cuyas respuestas no pudieron ser codificadas con la rúbrica por estar en blanco, estar en otra lengua o no ser un texto."
República Dominicana,do,3,Convenciones de legibilidad,Baile,Ortografía inicial,Sexo,Niños,0,18.61,25.91,41.13,14.34,35.7,"Nota: En los gráficos se excluye el 35.7% de estudiantes del país cuyas respuestas no pudieron ser codificadas con la rúbrica por estar en blanco, estar en otra lengua o no ser un texto."
República Dominicana,do,3,Convenciones de legibilidad,Baile,Ortografía inicial,Sexo,Niñas,0,21.25,19.24,41.86,17.66,35.7,"Nota: En los gráficos se excluye el 35.7% de estudiantes del país cuyas respuestas no pudieron ser codificadas con la rúbrica por estar en blanco, estar en otra lengua o no ser un texto."
República Dominicana,do,3,Convenciones de legibilidad,Baile,Ortografía inicial,Ruralidad,Zona Urbana,0,19.60,20.79,43.39,16.22,35.7,"Nota: En los gráficos se excluye el 35.7% de estudiantes del país cuyas respuestas no pudieron ser codificadas con la rúbrica por estar en blanco, estar en otra lengua o no ser un texto."
República Dominicana,do,3,Convenciones de legibilidad,Baile,Ortografía inicial,Ruralidad,Zona Rural,0,22.98,29.92,31.48,15.62,35.7,"Nota: En los gráficos se excluye el 35.7% de estudiantes del país cuyas respuestas no pudieron ser codificadas con la rúbrica por estar en blanco, estar en otra lengua o no ser un texto."
República Dominicana,do,3,Convenciones de legibilidad,Baile,Puntuación,Sexo,Niños,0,67.20,4.85,5.74,22.22,35.7,"Nota: En los gráficos se excluye el 35.7% de estudiantes del país cuyas respuestas no pudieron ser codificadas con la rúbrica por estar en blanco, estar en otra lengua o no ser un texto."
República Dominicana,do,3,Convenciones de legibilidad,Baile,Puntuación,Sexo,Niñas,0,55.51,5.80,6.12,32.57,35.7,"Nota: En los gráficos se excluye el 35.7% de estudiantes del país cuyas respuestas no pudieron ser codificadas con la rúbrica por estar en blanco, estar en otra lengua o no ser un texto."
República Dominicana,do,3,Convenciones de legibilidad,Baile,Puntuación,Ruralidad,Zona Urbana,0,59.42,5.40,6.12,29.06,35.7,"Nota: En los gráficos se excluye el 35.7% de estudiantes del país cuyas respuestas no pudieron ser codificadas con la rúbrica por estar en blanco, estar en otra lengua o no ser un texto."
República Dominicana,do,3,Convenciones de legibilidad,Baile,Puntuación,Ruralidad,Zona Rural,0,68.16,5.55,4.76,21.53,35.7,"Nota: En los gráficos se excluye el 35.7% de estudiantes del país cuyas respuestas no pudieron ser codificadas con la rúbrica por estar en blanco, estar en otra lengua o no ser un texto."
República Dominicana,do,3,Convenciones de legibilidad,Carta,Ortografía inicial,Sexo,Niños,0,25.46,23.36,37.82,13.36,35.7,"Nota: En los gráficos se excluye el 35.7% de estudiantes del país cuyas respuestas no pudieron ser codificadas con la rúbrica por estar en blanco, estar en otra lengua o no ser un texto."
República Dominicana,do,3,Convenciones de legibilidad,Carta,Ortografía inicial,Sexo,Niñas,0,23.19,21.57,41.04,14.20,35.7,"Nota: En los gráficos se excluye el 35.7% de estudiantes del país cuyas respuestas no pudieron ser codificadas con la rúbrica por estar en blanco, estar en otra lengua o no ser un texto."
República Dominicana,do,3,Convenciones de legibilidad,Carta,Ortografía inicial,Ruralidad,Zona Urbana,0,23.12,22.92,39.74,14.22,35.7,"Nota: En los gráficos se excluye el 35.7% de estudiantes del país cuyas respuestas no pudieron ser codificadas con la rúbrica por estar en blanco, estar en otra lengua o no ser un texto."
República Dominicana,do,3,Convenciones de legibilidad,Carta,Ortografía inicial,Ruralidad,Zona Rural,0,30.43,19.39,38.96,11.22,35.7,"Nota: En los gráficos se excluye el 35.7% de estudiantes del país cuyas respuestas no pudieron ser codificadas con la rúbrica por estar en blanco, estar en otra lengua o no ser un texto."
República Dominicana,do,3,Convenciones de legibilidad,Carta,Puntuación,Sexo,Niños,0,67.87,3.93,4.17,24.03,35.7,"Nota: En los gráficos se excluye el 35.7% de estudiantes del país cuyas respuestas no pudieron ser codificadas con la rúbrica por estar en blanco, estar en otra lengua o no ser un texto."
República Dominicana,do,3,Convenciones de legibilidad,Carta,Puntuación,Sexo,Niñas,0,53.55,4.62,5.43,36.40,35.7,"Nota: En los gráficos se excluye el 35.7% de estudiantes del país cuyas respuestas no pudieron ser codificadas con la rúbrica por estar en blanco, estar en otra lengua o no ser un texto."
República Dominicana,do,3,Convenciones de legibilidad,Carta,Puntuación,Ruralidad,Zona Urbana,0,59.48,4.29,4.62,31.60,35.7,"Nota: En los gráficos se excluye el 35.7% de estudiantes del país cuyas respuestas no pudieron ser codificadas con la rúbrica por estar en blanco, estar en otra lengua o no ser un texto."
República Dominicana,do,3,Convenciones de legibilidad,Carta,Puntuación,Ruralidad,Zona Rural,0,64.80,4.24,5.86,25.11,35.7,"Nota: En los gráficos se excluye el 35.7% de estudiantes del país cuyas respuestas no pudieron ser codificadas con la rúbrica por estar en blanco, estar en otra lengua o no ser un texto."
República Dominicana,do,3,Convenciones de legibilidad,Baile,Ortografía inicial,Nacional,País,0,20.10,22.10,41.60,16.10,35.7,"Nota: En los gráficos se excluye el 35.7% de estudiantes del país cuyas respuestas no pudieron ser codificadas con la rúbrica por estar en blanco, estar en otra lengua o no ser un texto."
República Dominicana,do,3,Convenciones de legibilidad,Baile,Puntuación,Nacional,País,0,60.70,5.40,5.90,27.90,35.7,"Nota: En los gráficos se excluye el 35.7% de estudiantes del país cuyas respuestas no pudieron ser codificadas con la rúbrica por estar en blanco, estar en otra lengua o no ser un texto."
República Dominicana,do,3,Convenciones de legibilidad,Carta,Ortografía inicial,Nacional,País,0,24.30,22.40,39.60,13.70,35.7,"Nota: En los gráficos se excluye el 35.7% de estudiantes del país cuyas respuestas no pudieron ser codificadas con la rúbrica por estar en blanco, estar en otra lengua o no ser un texto."
República Dominicana,do,3,Convenciones de legibilidad,Carta,Puntuación,Nacional,País,0,60.30,4.30,4.80,30.60,35.7,"Nota: En los gráficos se excluye el 35.7% de estudiantes del país cuyas respuestas no pudieron ser codificadas con la rúbrica por estar en blanco, estar en otra lengua o no ser un texto."
Uruguay,uy,3,Convenciones de legibilidad,Baile,Ortografía inicial,Sexo,Niños,0,2.91,08.08,42.93,46.08,10.8,"Nota: En los gráficos se excluye el 10.8% de estudiantes del país cuyas respuestas no pudieron ser codificadas con la rúbrica por estar en blanco, estar en otra lengua o no ser un texto."
Uruguay,uy,3,Convenciones de legibilidad,Baile,Ortografía inicial,Sexo,Niñas,0,4.44,8.93,42.55,44.08,10.8,"Nota: En los gráficos se excluye el 10.8% de estudiantes del país cuyas respuestas no pudieron ser codificadas con la rúbrica por estar en blanco, estar en otra lengua o no ser un texto."
Uruguay,uy,3,Convenciones de legibilidad,Baile,Ortografía inicial,Ruralidad,Zona Urbana,0,3.22,7.81,43.31,45.65,10.8,"Nota: En los gráficos se excluye el 10.8% de estudiantes del país cuyas respuestas no pudieron ser codificadas con la rúbrica por estar en blanco, estar en otra lengua o no ser un texto."
Uruguay,uy,3,Convenciones de legibilidad,Baile,Ortografía inicial,Ruralidad,Zona Rural,0,17.66,26.51,27.18,28.65,10.8,"Nota: En los gráficos se excluye el 10.8% de estudiantes del país cuyas respuestas no pudieron ser codificadas con la rúbrica por estar en blanco, estar en otra lengua o no ser un texto."
Uruguay,uy,3,Convenciones de legibilidad,Baile,Puntuación,Sexo,Niños,0,27.82,0.28,5.99,65.91,10.8,"Nota: En los gráficos se excluye el 10.8% de estudiantes del país cuyas respuestas no pudieron ser codificadas con la rúbrica por estar en blanco, estar en otra lengua o no ser un texto."
Uruguay,uy,3,Convenciones de legibilidad,Baile,Puntuación,Sexo,Niñas,0,17.62,0.08,5.65,76.64,10.8,"Nota: En los gráficos se excluye el 10.8% de estudiantes del país cuyas respuestas no pudieron ser codificadas con la rúbrica por estar en blanco, estar en otra lengua o no ser un texto."
Uruguay,uy,3,Convenciones de legibilidad,Baile,Puntuación,Ruralidad,Zona Urbana,0,23.13,0.19,5.77,70.92,10.8,"Nota: En los gráficos se excluye el 10.8% de estudiantes del país cuyas respuestas no pudieron ser codificadas con la rúbrica por estar en blanco, estar en otra lengua o no ser un texto."
Uruguay,uy,3,Convenciones de legibilidad,Baile,Puntuación,Ruralidad,Zona Rural,0,6.53,0.00,6.91,86.56,10.8,"Nota: En los gráficos se excluye el 10.8% de estudiantes del país cuyas respuestas no pudieron ser codificadas con la rúbrica por estar en blanco, estar en otra lengua o no ser un texto."
Uruguay,uy,3,Convenciones de legibilidad,Carta,Ortografía inicial,Sexo,Niños,0,4.92,9.66,51.25,34.16,10.8,"Nota: En los gráficos se excluye el 10.8% de estudiantes del país cuyas respuestas no pudieron ser codificadas con la rúbrica por estar en blanco, estar en otra lengua o no ser un texto."
Uruguay,uy,3,Convenciones de legibilidad,Carta,Ortografía inicial,Sexo,Niñas,0,4.64,12.25,47.15,35.95,10.8,"Nota: En los gráficos se excluye el 10.8% de estudiantes del país cuyas respuestas no pudieron ser codificadas con la rúbrica por estar en blanco, estar en otra lengua o no ser un texto."
Uruguay,uy,3,Convenciones de legibilidad,Carta,Ortografía inicial,Ruralidad,Zona Urbana,0,04.04,10.36,49.45,36.15,10.8,"Nota: En los gráficos se excluye el 10.8% de estudiantes del país cuyas respuestas no pudieron ser codificadas con la rúbrica por estar en blanco, estar en otra lengua o no ser un texto."
Uruguay,uy,3,Convenciones de legibilidad,Carta,Ortografía inicial,Ruralidad,Zona Rural,0,18.66,23.22,43.07,15.05,10.8,"Nota: En los gráficos se excluye el 10.8% de estudiantes del país cuyas respuestas no pudieron ser codificadas con la rúbrica por estar en blanco, estar en otra lengua o no ser un texto."
Uruguay,uy,3,Convenciones de legibilidad,Carta,Puntuación,Sexo,Niños,0,26.76,0.17,5.14,67.93,10.8,"Nota: En los gráficos se excluye el 10.8% de estudiantes del país cuyas respuestas no pudieron ser codificadas con la rúbrica por estar en blanco, estar en otra lengua o no ser un texto."
Uruguay,uy,3,Convenciones de legibilidad,Carta,Puntuación,Sexo,Niñas,0,17.77,0.48,4.53,77.22,10.8,"Nota: En los gráficos se excluye el 10.8% de estudiantes del país cuyas respuestas no pudieron ser codificadas con la rúbrica por estar en blanco, estar en otra lengua o no ser un texto."
Uruguay,uy,3,Convenciones de legibilidad,Carta,Puntuación,Ruralidad,Zona Urbana,0,20.66,0.35,4.55,74.45,10.8,"Nota: En los gráficos se excluye el 10.8% de estudiantes del país cuyas respuestas no pudieron ser codificadas con la rúbrica por estar en blanco, estar en otra lengua o no ser un texto."
Uruguay,uy,3,Convenciones de legibilidad,Carta,Puntuación,Ruralidad,Zona Rural,0,49.28,0.00,9.95,40.77,10.8,"Nota: En los gráficos se excluye el 10.8% de estudiantes del país cuyas respuestas no pudieron ser codificadas con la rúbrica por estar en blanco, estar en otra lengua o no ser un texto."
Uruguay,uy,3,Convenciones de legibilidad,Baile,Ortografía inicial,Nacional,País,0,3.80,8.50,42.70,45.00,10.8,"Nota: En los gráficos se excluye el 10.8% de estudiantes del país cuyas respuestas no pudieron ser codificadas con la rúbrica por estar en blanco, estar en otra lengua o no ser un texto."
Uruguay,uy,3,Convenciones de legibilidad,Baile,Puntuación,Nacional,País,0,22.50,0.20,5.80,71.50,10.8,"Nota: En los gráficos se excluye el 10.8% de estudiantes del país cuyas respuestas no pudieron ser codificadas con la rúbrica por estar en blanco, estar en otra lengua o no ser un texto."
Uruguay,uy,3,Convenciones de legibilidad,Carta,Ortografía inicial,Nacional,País,0,4.80,11.00,49.10,35.10,10.8,"Nota: En los gráficos se excluye el 10.8% de estudiantes del país cuyas respuestas no pudieron ser codificadas con la rúbrica por estar en blanco, estar en otra lengua o no ser un texto."
Uruguay,uy,3,Convenciones de legibilidad,Carta,Puntuación,Nacional,País,0,22.10,0.30,4.80,72.80,10.8,"Nota: En los gráficos se excluye el 10.8% de estudiantes del país cuyas respuestas no pudieron ser codificadas con la rúbrica por estar en blanco, estar en otra lengua o no ser un texto."